Plataforma;Tabla BD;Tag Tabla API;Campo BD;Tag Campo API;Tipo Dato;Formato;Campo personalizado de usuario;Etiqueta;Ayuda;Tipo;Tag Tabla GraphQL;Tag Campo GraphQL
API;atconav;notice;act_tmt;first_level_id;decimal;->>,>>>,>>9.999;no;Código Actividad;Actividad;opcional;notes                                             ;activity                 
API;atconav;notice;art_aso;product_id;character;X(24);no;Código Artículo;Introduzca el Código de artículo;opcional;notes                                             ;item                     
API;atconav;notice;car_avis;charge;logical;si/no;no;Cargo;;opcional;notes                                             ;charge                   
API;atconav;notice;cie_avis;closure_date;date;99/99/9999;no;Fecha de Cierre;;opcional;notes                                             ;closing_date             
API;atconav;notice;cif_cli;vat_number;character;X(18);no;C.I.F.;Introduzca el C.I.F. del Cliente;opcional;notes                                             ;tax_identification_number
API;atconav;notice;cod_acto;activity_id;integer;9999;no;Código Actividad;Actividad;opcional;notes                                             ;activity_r_502           
API;atconav;notice;cod_art;service_id;character;x(24);no;Código Artículo;Introduzca el Código del Artículo;opcional;notes                                             ;item_code                
API;atconav;notice;cod_avis;notice_id;integer;9999999;no;Número Aviso;;opcional;notes                                             ;notification             
API;atconav;notice;cod_ceen;shipping_address_id;integer;9999;no;Dirección Envio Aviso;Código de la dirección de Envio;opcional;notes                                             ;shipping_code            
API;atconav;notice;cod_cen;contact_id;integer;9999;no;Dirección Envio Cliente;Introduzca el Código de la Dirección de Envío;opcional;notes                                             ;shipping_address         
API;atconav;notice;cod_cli;customer_id;integer;99999;no;Código Cliente;Introduzca el Código de Cliente;opcional;notes                                             ;customer                 
API;atconav;notice;cod_ctr;contract_id;integer;9999999;no;Código Contrato;Introduzca Código de Contrato;opcional;notes                                             ;contract                 
API;atconav;notice;cod_del;branch_id;integer;99;no;Código Delegación;Intoduzca la delegación;opcional;notes                                             ;branch                   
API;atconav;notice;cod_dir;potential_customer_id;integer;999999;no;Código Cliente Potencial;Introduzca el Código de Cliente Potencial;opcional;notes                                             ;potential_customer       
API;atconav;notice;cod_empl;employee_id;integer;9999;no;Código Empleado;Código de Empleado que Posee el Aviso en este Estado;opcional;notes                                             ;employee                 
API;atconav;notice;cod_ent;company_id;integer;99;no;Código Empresa;Intoduzca la empresa;opcional;notes                                             ;company                  
API;atconav;notice;cod_nest;state_id;integer;99;no;Estado;Código de Estado del Aviso;opcional;notes                                             ;status                   
API;atconav;notice;cod_nse;service_number_id;integer;9999999;no;Número Servicio;Introduzca nº de servicio;opcional;notes                                             ;service_number           
API;atconav;notice;cod_pai;country_id;character;x(2);no;Código Pais;Introduzca el Código del País;opcional;notes                                             ;country                  
API;atconav;notice;cod_prio;priority_id;character;x(2);no;Código Prioridad;Prioridad;opcional;notes                                             ;priority                 
API;atconav;notice;cod_provi;province_id;integer;99;no;Código Provincia;Introduzca el Código de la Provincia;opcional;notes                                             ;code_r_210               
API;atconav;notice;cod_rep;sales_representative_id;integer;9999;no;Código Agente Comercial;;opcional;notes                                             ;representative_code      
API;atconav;notice;cod_sac;subactivity_id;integer;9999;no;Código Subactividad;Subactividad;opcional;notes                                             ;subactivity              
API;atconav;notice;cod_tipa;notice_type;character;X(4);no;Tipo de Aviso;Introduzca Tipo de Aviso;opcional;notes                                             ;notification_type        
API;atconav;notice;cod_via;street_type;character;X(2);no;Código Via;Introduzca Sigla de la vía pública;opcional;notes                                             ;address_line             
API;atconav;notice;coe_avis;potential_or_customer;logical;C/P;no;Cliente/Cliente Potencial;Introduzca si es un Cliente o un cliente potencial;opcional;notes                                             ;customer_potential_custom
API;atconav;notice;com_avis;comments;character;X(800);no;Comentario;Introduzca Comentario del Aviso;opcional;notes                                             ;comment                  
API;atconav;notice;desa_avis;product_description;character;X(40);no;Descripcion Artículo;Introduzca la Descripción del Artículo;opcional;notes                                             ;description              
API;atconav;notice;des_avis;description;character;X(80);no;Descripción Aviso;Introduzca Descripción del Aviso;opcional;notes                                             ;description_r_791        
API;atconav;notice;dir_cli;street_name;character;x(55);no;Dirección;Introduzca la Dirección del Cliente;opcional;notes                                             ;address                  
API;atconav;notice;dpo_cli;postal_code;integer;99999;no;Distrito Postal;Introduzca el Distrito Postal del Cliente;opcional;notes                                             ;postal_code              
API;atconav;notice;ede_avis;target_employee_id;integer;9999;no;Empleado Destino;Introduzca Empleado Destino del Aviso;opcional;notes                                             ;destination_employee     
API;atconav;notice;ema_cli;email;character;x(60);no;E-mail Cliente;Introduzca el e-mail del Cliente;opcional;notes                                             ;email                    
API;atconav;notice;est_avis;open_closed_notice;logical;A/C;no;Abierto;;opcional;notes                                             ;est_avis                 
API;atconav;notice;fax_cli;fax;character;x(18);no;Fax;Introduzca el Fax del Cliente;opcional;notes                                             ;fax                      
API;atconav;notice;fec_avis;notice_date;date;99/99/9999;no;Fecha Aviso;Introduzca Fecha del Aviso;opcional;notes                                             ;date                     
API;atconav;notice;fep_avis;expected_start_resolution_date;date;99/99/9999;no;Fecha Prevista;Introduzca Fecha del Aviso;opcional;notes                                             ;expected_date            
API;atconav;notice;fpet_avis;request_date;date;99/99/9999;no;Fecha Petición;Fecha Petición;opcional;notes                                             ;request_date             
API;atconav;notice;fref_avis;final_resolution_date;date;99/99/9999;no;Fecha Real Final Resolución;Fecha Real Final Resolución;opcional;notes                                             ;actual_resolution_end_dat
API;atconav;notice;frer_avis;start_resolution_date;date;99/99/9999;no;Fecha Real Inicio Resolución;Fecha Real Inicio Resolución;opcional;notes                                             ;actual_resolution_start_d
API;atconav;notice;hep_avis;expected_start_resolution_hour;character;99:99;no;Hora Prevista Inicio Resolució;Hora Prevista Inicio Resolución;opcional;notes                                             ;estimated_resolution_star
API;atconav;notice;Hor_avis;notice_hour;character;99:99;no;Hora;Introduzca Hora del aviso;opcional;notes                                             ;time                     
API;atconav;notice;hpet_avis;request_hour;character;99:99;no;Hora Petición;Hora Petición;opcional;notes                                             ;request_time             
API;atconav;notice;href_avis;final_resolution_hour;character;99:99;no;Hora Real Final Resolución;Hora Real Final Resolución;opcional;notes                                             ;actual_resolution_end_tim
API;atconav;notice;hrer_avis;start_resolution_hour;character;99:99;no;Hora Real Inicio Resolución;Hora Real Inicio Resolución;opcional;notes                                             ;actual_resolution_start_t
API;atconav;notice;hrr_avis;resolution_hours;character;999:99;no;Horas Reales Resolución;Horas Reales Resolución;opcional;notes                                             ;actual_resolution_hours  
API;atconav;notice;hter_avis;expected_resolution_hours;character;999:99;no;Horas Teóricas Resolución;Horas Teóricas Resolución;opcional;notes                                             ;theoretical_resolution_ho
API;atconav;notice;Id_unico;unique_id;int64;99999999999999999999;no;Id único;;opcional;notes                                             ;unique_id                
API;atconav;notice;num_cli;street_number;character;X(4);no;Número;Introduzca número de la vía pública;opcional;notes                                             ;number                   
API;atconav;notice;per_avis;request_person;character;x(200);no;Persona Petición;Persona Petición;opcional;notes                                             ;requester_person         
API;atconav;notice;pob_cli;city;character;x(30);no;Población;Introduzca la Población del Cliente;opcional;notes                                             ;city                     
API;atconav;notice;raz_cli;business_name;character;X(100);no;Razón Social;Introduzca la Razón Social del Cliente;opcional;notes                                             ;business_name            
API;atconav;notice;ref_avis;reference;character;x(20);no;Referencia;Referencia;opcional;notes                                             ;reference                
API;atconav;notice;res_avis;resolution_comments;character;x(800);no;Resolución;Resolución;opcional;notes                                             ;resolution               
API;atconav;notice;sact_tmt;second_level_id;decimal;->>,>>>,>>9.999;no;Código Subactividad;Subactividad;opcional;notes                                             ;subactivity_r_912        
API;atconav;notice;tel_cli;telephone;character;x(18);no;Teléfono;Introduzca el Teléfono del Cliente;opcional;notes                                             ;phone_number             
API;atconavb;noticedraft;adj_avis;has_attachments;logical;si/no;no;Adjuntos;Documentos Adjuntos asociados;excluido;notice_drafts                                     ;has_attachments          
API;atconavb;noticedraft;art_amb;product_ambit;integer;>>9;no;Ambito;Introduzca el Ambito del Articulo;excluido;notice_drafts                                     ;product_ambit            
API;atconavb;noticedraft;art_aso;product_id;character;X(24);no;Artículo;Introduzca el Código de artículo;opcional;notice_drafts                                     ;product_id               
API;atconavb;noticedraft;asi_avis;assigned;logical;si/no;no;Asignado;Asignado;excluido;notice_drafts                                     ;assigned                 
API;atconavb;noticedraft;car_avis;charge;logical;si/no;no;Cargo;;opcional;notice_drafts                                     ;charge                   
API;atconavb;noticedraft;cce_avis;customer_or_potencial_id;integer;999999;no;Código;Introduzca el código del Cliente o Entidad;opcional;notice_drafts                                     ;customer_or_potencial_id 
API;atconavb;noticedraft;char1_al;user_char1;character;X(100);yes;UsrChar1_atconavb;character1Usr;opcional;notice_drafts                                     ;user_char1               
API;atconavb;noticedraft;char2_al;user_char2;character;X(100);yes;UsrChar2_atconavb;character2Usr;opcional;notice_drafts                                     ;user_char2               
API;atconavb;noticedraft;char3_al;user_char3;character;X(100);yes;UsrChar3_atconavb;character3Usr;opcional;notice_drafts                                     ;user_char3               
API;atconavb;noticedraft;char4_al;user_char4;character;X(100);yes;UsrChar4_atconavb;character4Usr;opcional;notice_drafts                                     ;user_char4               
API;atconavb;noticedraft;char5_al;user_char5;character;X(100);yes;UsrChar5_atconavb;character5Usr;opcional;notice_drafts                                     ;user_char5               
API;atconavb;noticedraft;char6_al;user_char6;character;X(100);yes;UsrChar6_atconavb;character6Usr;opcional;notice_drafts                                     ;user_char6               
API;atconavb;noticedraft;char7_al;user_char7;character;X(100);yes;UsrChar7_atconavb;character7Usr;opcional;notice_drafts                                     ;user_char7               
API;atconavb;noticedraft;char8_al;user_char8;character;X(100);yes;UsrChar8_atconavb;character8Usr;opcional;notice_drafts                                     ;user_char8               
API;atconavb;noticedraft;cie_avis;closing_date;date;99/99/9999;no;Fecha de Cierre;;opcional;notice_drafts                                     ;closing_date             
API;atconavb;noticedraft;cif_cli;customer_vat_id;character;X(18);no;C.I.F.;Introduzca el C.I.F. del Cliente;opcional;notice_drafts                                     ;customer_vat_id          
API;atconavb;noticedraft;cli_amb;customer_ambit;integer;>>9;no;Ambito;Introduzca el ambito del cliente;opcional;notice_drafts                                     ;customer_ambit           
API;atconavb;noticedraft;cod_acto;activity_id;integer;9999;no;Actividad;Actividad;opcional;notice_drafts                                     ;activity_id              
API;atconavb;noticedraft;cod_art;service_id;character;x(24);no;Cód.Artículo;Introduzca el Código del Artículo;opcional;notice_drafts                                     ;service_id               
API;atconavb;noticedraft;cod_avis;notice_id;integer;9999999;no;Aviso;;excluido;notice_drafts                                     ;notice_id                
API;atconavb;noticedraft;cod_avisb;draft_id;integer;9999999;no;Borrador;Borrador Aviso;excluido;notice_drafts                                     ;draft_id                 
API;atconavb;noticedraft;Cod_aviso;original_notice;integer;9999999;no;Aviso Original;Aviso Original;excluido;notice_drafts                                     ;original_notice          
API;atconavb;noticedraft;cod_ceen;shipping_address_id;integer;9999;no;Código de Envio;Código de la dirección de Envio;opcional;notice_drafts                                     ;shipping_address_id      
API;atconavb;noticedraft;cod_cen;shipping_address_id;integer;9999;no;Dirección Envio;Introduzca el Código de la Dirección de Envío;excluido;notice_drafts                                     ;shipping_address_id      
API;atconavb;noticedraft;cod_ctr;contract_id;integer;9999999;no;Contrato;Introduzca Código de Contrato;opcional;notice_drafts                                     ;contract_id              
API;atconavb;noticedraft;cod_del;branch_id;integer;99;no;Delegación;Intoduzca la delegación;opcional;notice_drafts                                     ;branch_id                
API;atconavb;noticedraft;cod_empl;worker_id;integer;9999;no;Empleado;Código de Empleado que Posee el Aviso en este Estado;opcional;notice_drafts                                     ;worker_id                
API;atconavb;noticedraft;cod_ent;company_id;integer;99;no;Empresa;Intoduzca la empresa;opcional;notice_drafts                                     ;company_id               
API;atconavb;noticedraft;cod_nest;notice_status;integer;99;no;Estado;Código de Estado del Aviso;opcional;notice_drafts                                     ;notice_status            
API;atconavb;noticedraft;cod_nse;service_number;integer;9999999;no;Nº Servicio;Introduzca nº de servicio;opcional;notice_drafts                                     ;service_number           
API;atconavb;noticedraft;cod_obr;work_id;integer;999999999;no;Obra/Proyecto;Introduzca el Código de Obra/Proyecto;opcional;notice_drafts                                     ;work_id                  
API;atconavb;noticedraft;cod_pai;country_id;character;x(2);no;País;Introduzca el Código del País;opcional;notice_drafts                                     ;country_id               
API;atconavb;noticedraft;cod_prio;priority_id;character;x(2);no;Prioridad;Prioridad;opcional;notice_drafts                                     ;priority_id              
API;atconavb;noticedraft;cod_proc;origin_id;character;X(3);no;Procedencia;Introduzca la Procedencia del Aviso;opcional;notice_drafts                                     ;origin_id                
API;atconavb;noticedraft;cod_provi;province_id;integer;99;no;Código;Introduzca el Código de la Provincia;opcional;notice_drafts                                     ;province_id              
API;atconavb;noticedraft;cod_rep;sales_representative_id;integer;9999;no;Cod.Representante;;opcional;notice_drafts                                     ;sales_representative_id  
API;atconavb;noticedraft;cod_sac;subactivity_id;integer;9999;no;Subactividad;Subactividad;opcional;notice_drafts                                     ;subactivity_id           
API;atconavb;noticedraft;cod_ser;serial_number;character;X(14);no;Serie;Nº de Serie del Artículo;opcional;notice_drafts                                     ;serial_number            
API;atconavb;noticedraft;cod_tipa;notice_type;character;X(4);no;Tipo de Aviso;Introduzca Tipo de Aviso;opcional;notice_drafts                                     ;notice_type              
API;atconavb;noticedraft;cod_usu;user_id;character;x(8);no;Usuario;Usuario;excluido;notice_drafts                                     ;user_id                  
API;atconavb;noticedraft;Cod_usub;draft_user_id;character;x(8);no;Usuario Borrador;Usuario que ha creado el Borrador;excluido;notice_drafts                                     ;draft_user_id            
API;atconavb;noticedraft;cod_via;street_type;character;X(2);no;Vía;Introduzca Sigla de la vía pública;opcional;notice_drafts                                     ;street_type              
API;atconavb;noticedraft;coe_avis;customer_or_potential;logical;C/P;no;Cliente/Cl.Pot.;Introduzca si es un Cliente o un cliente potencial;opcional;notice_drafts                                     ;customer_or_potential    
API;atconavb;noticedraft;com_avis;comments;character;X(800);no;Comentario;Introduzca Comentario del Aviso;opcional;notice_drafts                                     ;comments                 
API;atconavb;noticedraft;dec1_al;user_dec1;decimal;->>,>>>,>>9.999;yes;UsrDec1_atconavb;decimal1Usr;opcional;notice_drafts                                     ;user_dec1                
API;atconavb;noticedraft;dec2_al;user_dec2;decimal;->>,>>>,>>9.999;yes;UsrDec2_atconavb;decimal2Usr;opcional;notice_drafts                                     ;user_dec2                
API;atconavb;noticedraft;dec3_al;user_dec3;decimal;->>,>>>,>>9.999;yes;UsrDec3_atconavb;decimal3Usr;opcional;notice_drafts                                     ;user_dec3                
API;atconavb;noticedraft;dec4_al;user_dec4;decimal;->>,>>>,>>9.999;yes;UsrDec4_atconavb;decimal4Usr;opcional;notice_drafts                                     ;user_dec4                
API;atconavb;noticedraft;dec5_al;user_dec5;decimal;->>,>>>,>>9.999;yes;UsrDec5_atconavb;decimal5Usr;opcional;notice_drafts                                     ;user_dec5                
API;atconavb;noticedraft;dec6_al;user_dec6;decimal;->>,>>>,>>9.999;yes;UsrDec6_atconavb;decimal6Usr;opcional;notice_drafts                                     ;user_dec6                
API;atconavb;noticedraft;desa_avis;product_description;character;X(40);no;Descripcion;Introduzca la Descripción del Artículo;opcional;notice_drafts                                     ;product_description      
API;atconavb;noticedraft;des_avis;notice_description;character;X(80);no;Descripción;Introduzca Descripción del Aviso;opcional;notice_drafts                                     ;notice_description       
API;atconavb;noticedraft;dir_cli;street_name;character;x(55);no;Dirección;Introduzca la Dirección del Cliente;opcional;notice_drafts                                     ;street_name              
API;atconavb;noticedraft;dpo_cli;postal_code;integer;99999;no;Dist.Postal;Introduzca el Distrito Postal del Cliente;opcional;notice_drafts                                     ;postal_code              
API;atconavb;noticedraft;ede_avis;target_worker;integer;9999;no;Empl. Destino;Introduzca Empleado Destino del Aviso;opcional;notice_drafts                                     ;target_worker            
API;atconavb;noticedraft;edi1_al;user_edi1;character;X(1000);yes;UsrEdi1_atconavb;editor1Usr;opcional;notice_drafts                                     ;user_edi1                
API;atconavb;noticedraft;edi2_al;user_edi2;character;X(1000);yes;UsrEdi2_atconavb;editor2Usr;opcional;notice_drafts                                     ;user_edi2                
API;atconavb;noticedraft;eee_avis;sent_e_mail;logical;si/no;no;Enviado e-mail Empl. Asoc.;Enviado por e-mail a los empleados Asociados;excluido;notice_drafts                                     ;sent_e_mail              
API;atconavb;noticedraft;ema_cli;customer_mail;character;x(60);no;E-mail;Introduzca el e-mail del Cliente;opcional;notice_drafts                                     ;customer_mail            
API;atconavb;noticedraft;eor_avis;origin_worker;integer;9999;no;Empl. Origen;Introduzca Empleado Origen del Aviso;opcional;notice_drafts                                     ;origin_worker            
API;atconavb;noticedraft;Err_avisb;draft_errors;character;x(800);no;Lista Campos;Lista de Campos con Errores;excluido;notice_drafts                                     ;draft_errors             
API;atconavb;noticedraft;ese_avis;sent_sms;logical;si/no;no;Enviado sms Empl. Asoc.;Enviado por sms a los Empleados Asociados;excluido;notice_drafts                                     ;sent_sms                 
API;atconavb;noticedraft;est_avis;open_closed_notice;logical;A/C;no;Estado;;excluido;notice_drafts                                     ;open_closed_notice       
API;atconavb;noticedraft;Est_avisb;draft_status;character;x(2);no;Estado Borrador;Estado Borrador;excluido;notice_drafts                                     ;draft_status             
API;atconavb;noticedraft;evo_avis;notice_status;character;X(1);no;Estado del Aviso;Estado en el que se encuentra el aviso;excluido;notice_drafts                                     ;notice_status            
API;atconavb;noticedraft;fax_cli;fax;character;x(18);no;Fax;Introduzca el Fax del Cliente;opcional;notice_drafts                                     ;fax                      
API;atconavb;noticedraft;fcon_avis;reply_date;date;99/99/9999;no;F. Contestación;Introduzca la Fecha de Contestación.;excluido;notice_drafts                                     ;reply_date               
API;atconavb;noticedraft;fcsc_avis;creation_date;date;99/99/9999;no;Fecha Creación Sistema Cliente;Fecha Creación Sistema Cliente;opcional;notice_drafts                                     ;creation_date            
API;atconavb;noticedraft;fec1_al;user_date1;date;99/99/9999;yes;UsrFec1_atconavb;fecha1Usr;opcional;notice_drafts                                     ;user_date1               
API;atconavb;noticedraft;fec2_al;user_date2;date;99/99/9999;yes;UsrFec2_atconavb;fecha2Usr;opcional;notice_drafts                                     ;user_date2               
API;atconavb;noticedraft;fec3_al;user_date3;date;99/99/9999;yes;UsrFec3_atconavb;fecha3Usr;opcional;notice_drafts                                     ;user_date3               
API;atconavb;noticedraft;fec_avis;notice_date;date;99/99/9999;no;Fecha;Introduzca Fecha del Aviso;opcional;notice_drafts                                     ;notice_date              
API;atconavb;noticedraft;Fec_avisb;draft_date;date;99/99/9999;no;Fecha Borrador;Fecha en la que se ha creado el Borrador;obligatorio;notice_drafts                                     ;draft_date               
API;atconavb;noticedraft;fep_avis;planned_date;date;99/99/9999;no;Fecha Prevista;Introduzca Fecha del Aviso;opcional;notice_drafts                                     ;planned_date             
API;atconavb;noticedraft;fpet_avis;request_date;date;99/99/9999;no;Fecha Petición;Fecha Petición;opcional;notice_drafts                                     ;request_date             
API;atconavb;noticedraft;frec_avis;receipt_date;date;99/99/9999;no;Fecha Recepción Aviso;Fecha Recepción Aviso;opcional;notice_drafts                                     ;receipt_date             
API;atconavb;noticedraft;fref_avis;resolution_final_date;date;99/99/9999;no;Fecha Real Final Resolución;Fecha Real Final Resolución;opcional;notice_drafts                                     ;resolution_final_date    
API;atconavb;noticedraft;frer_avis;resolution_start_date;date;99/99/9999;no;Fecha Real Inicio Resolución;Fecha Real Inicio Resolución;opcional;notice_drafts                                     ;resolution_start_date    
API;atconavb;noticedraft;hcsc_avis;creation_time;character;99:99;no;Hora Creación Sistema Cliente;Hora Creación Sistema Cliente;opcional;notice_drafts                                     ;creation_time            
API;atconavb;noticedraft;hep_avis;resolution_start_time;character;99:99;no;Hora Prevista Inicio Resolución;Hora Prevista Inicio Resolución;opcional;notice_drafts                                     ;resolution_start_time    
API;atconavb;noticedraft;Hor_avis;notice_time;character;99:99;no;Hora;Introduzca Hora del aviso;opcional;notice_drafts                                     ;notice_time              
API;atconavb;noticedraft;Hor_avisb;draft_time;character;99:99;no;Hora Borrador;Hora en la que se ha creado el Borrador;obligatorio;notice_drafts                                     ;draft_time               
API;atconavb;noticedraft;hpet_avis;request_time;character;99:99;no;Hora Petición;Hora Petición;opcional;notice_drafts                                     ;request_time             
API;atconavb;noticedraft;hrec_avis;receipt_time;character;99:99;no;Hora Recepción Aviso;Hora Recepción Aviso;opcional;notice_drafts                                     ;receipt_time             
API;atconavb;noticedraft;href_avis;resolution_final_time;character;99:99;no;Hora Real Final Resolución;Hora Real Final Resolución;opcional;notice_drafts                                     ;resolution_final_time    
API;atconavb;noticedraft;hrer_avis;resolution_start_time;character;99:99;no;Hora Real Inicio Resolución;Hora Real Inicio Resolución;opcional;notice_drafts                                     ;resolution_start_time    
API;atconavb;noticedraft;hrr_avis;actual_hours_resolution;character;999:99;no;Horas Reales Resolución;Horas Reales Resolución;excluido;notice_drafts                                     ;actual_hours_resolution  
API;atconavb;noticedraft;hter_avis;theoretical_hours_resolution;character;999:99;no;Horas Teóricas Resolución;Horas Teóricas Resolución;opcional;notice_drafts                                     ;theoretical_hours_resolut
API;atconavb;noticedraft;Id_unico;unique_id;int64;99999999999999999999;no;Id único;;opcional;notice_drafts                                     ;unique_id                
API;atconavb;noticedraft;num_cli;street_number;character;X(4);no;Número;Introduzca número de la vía pública;opcional;notice_drafts                                     ;street_number            
API;atconavb;noticedraft;obs_avisb;draft_comments;character;x(800);no;Observaciones Borrador;Observaciones Borrador;opcional;notice_drafts                                     ;draft_comments           
API;atconavb;noticedraft;per_avis;request_person;character;x(200);no;Persona Petición;Persona Petición;opcional;notice_drafts                                     ;request_person           
API;atconavb;noticedraft;pob_cli;city;character;x(30);no;Población;Introduzca la Población del Cliente;opcional;notice_drafts                                     ;city                     
API;atconavb;noticedraft;pub_avis;published_notice;logical;Si/No;no;Publicado;Publicado para Distrinet;excluido;notice_drafts                                     ;published_notice         
API;atconavb;noticedraft;raz_cli;business_name;character;X(100);no;Razón Social;Introduzca la Razón Social del Cliente;opcional;notice_drafts                                     ;business_name            
API;atconavb;noticedraft;ref_avis;notice_reference;character;x(20);no;Referencia;Referencia;opcional;notice_drafts                                     ;notice_reference         
API;atconavb;noticedraft;res_avis;resolution;character;x(800);no;Resolución;Resolución;opcional;notice_drafts                                     ;resolution               
API;atconavb;noticedraft;rev_avisb;revised_dtraft;logical;si/no;no;Revisado;Borrador Revisado;excluido;notice_drafts                                     ;revised_dtraft           
API;atconavb;noticedraft;tel_cli;phone;character;x(18);no;Teléfono;Introduzca el Teléfono del Cliente;opcional;notice_drafts                                     ;phone                    
API;galartic;products;adj_art;has_attachments;logical;si/no;no;Documentos Adjuntos;Documentos Adjuntos;opcional;product                                           ;has_attachments          
API;galartic;products;art_amb;product_ambit;integer;>>9;no;Ambito Artículo;Introduzca el Ambito del Articulo;opcional;product                                           ;product_ambit            
API;galartic;products;aux_art;code_auxiliar;character;X(24);no;Código Auxiliar;Introduzca Código Auxiliar Asociado al Artículo;opcional;product                                           ;auxiliar_code            
API;galartic;products;baj_art;is_deregistered;logical;Si/No;no;Baja;¿Baja?;opcional;product                                           ;is_deregistered          
API;galartic;products;bob_art;container_type;character;X;no;Contenedor;(E)mbalaje, (C)ontenido, (N)o Contenedor;opcional;product                                           ;container_type           
API;galartic;products;cdec_art;ecommerce_commercial_description_criteria;character;x(3);no;Criterio Descripción Comercial;;opcional;product                                           ;ecommerce_commercial_desc
API;galartic;products;cdes_art;ecommerce_description_criteria;character;x(3);no;Criterio Descripción;;opcional;product                                           ;ecommerce_description_cri
API;galartic;products;cfc_art;has_expiry_control;logical;si/no;no;Control Fecha Caducidad;;opcional;product                                           ;has_expiry_control       
API;galartic;products;cgf_art;fluorinated_gas_quantity;decimal;>>>,>>9.99;no;Cantidad Gas Fluorado;Cantidad de Gas Fluorado;opcional;product                                           ;fluorinated_gas_quantity 
API;galartic;products;char1_al;char1_art;character;x(100);yes;UsrChar1_galartic;character1Usr;opcional;product                                           ;user_char1               
API;galartic;products;char2_al;char2_art;character;x(100);yes;UsrChar2_galartic;character2Usr;opcional;product                                           ;user_char2               
API;galartic;products;char3_al;char3_art;character;x(100);yes;UsrChar3_galartic;character3Usr;opcional;product                                           ;user_char3               
API;galartic;products;char4_al;char4_art;character;x(100);yes;UsrChar4_galartic;character4Usr;opcional;product                                           ;user_char4               
API;galartic;products;char5_al;char5_art;character;x(100);yes;UsrChar5_galartic;character5Usr;opcional;product                                           ;user_char5               
API;galartic;products;char6_al;char6_art;character;x(100);yes;UsrChar6_galartic;character6Usr;opcional;product                                           ;user_char6               
API;galartic;products;char7_al;char7_art;character;x(100);yes;UsrChar7_galartic;character7Usr;opcional;product                                           ;user_char7               
API;galartic;products;char8_al;char8_art;character;x(100);yes;UsrChar8_galartic;character8Usr;opcional;product                                           ;user_char8               
API;galartic;products;cim_art;ecommerce_image_criteria;character;x(3);no;Criterio Imágenes;;opcional;product                                           ;ecommerce_image_criteria 
API;galartic;products;cla_sat;cfdi_sat_code;character;x(8);no;Clave SAT;;opcional;product                                           ;cfdi_sat_code            
API;galartic;products;cod_agd;default_attachment_id;integer;9999999;no;Contador;Contador Documento;opcional;product                                           ;default_attachment_id    
API;galartic;products;cod_are;equivalency;character;X(8);no;Equivalencia;Introduzca Equivalencia;opcional;product                                           ;equivalency              
API;galartic;products;cod_art;product_id;character;X(24);no;Código Artículo;Introduzca el Código del Artículo;opcional;product                                           ;product_id               
API;galartic;products;cod_fam1;category1_id;integer;999;no;Código Nivel 1 Familia;Introduzca el Primer Nivel de Familia;opcional;product                                           ;classification1_id       
API;galartic;products;cod_fam2;category2_id;integer;999;no;Código Nivel 2 Familia;Introduzca el Segundo Nivel de Familia;opcional;product                                           ;classification2_id       
API;galartic;products;cod_fam3;category3_id;integer;999;no;Código Nivel 3 Familia;Introduzca el Tercer Nivel de Familia;opcional;product                                           ;classification3_id       
API;galartic;products;cod_fam4;category4_id;integer;999;no;Código Nivel 4 Familia;Introduzca el Cuarto Nivel de Familia;opcional;product                                           ;classification4_id       
API;galartic;products;cod_fdto;discount_family;integer;999999;no;Código Familia Descuento;Introduzca la familia descuento;opcional;product                                           ;discount_classification  
API;galartic;products;cod_grc;group_id;character;X(4);no;Grupo Artículos;Introduzca el Código de Grupo del Artículos;opcional;product                                           ;group_id                 
API;galartic;products;cod_gru;subgroup_id;character;X(4);no;Subgrupo Artículos;Introduzca el Código de Subgrupo del Artículo;opcional;product                                           ;subgroup_id              
API;galartic;products;cod_um;measurement_unit_base;character;x(2);no;Unidad Medida;Introduzca la Unidad de Medida base (UM Alt = UM Base * FConv);opcional;product                                           ;measurement_unit_base    
API;galartic;products;ctl_art;code_telematel;character;x(20);no;Código Telematel;Introduzca el Código Coorp/Tel;opcional;product                                           ;telematel_code           
API;galartic;products;dcat_art;is_discontinued;logical;S/N;no;Descatalogado;Producto vinculado descatalogado;opcional;product                                           ;is_discontinued          
API;galartic;products;dec1_al;dec1_art;decimal;->>,>>>,>>9.999;yes;UsrDec1_galartic;decimal1Usr;opcional;product                                           ;user_dec1                
API;galartic;products;dec2_al;dec2_art;decimal;->>,>>>,>>9.999;yes;UsrDec2_galartic;decimal2Usr;opcional;product                                           ;user_dec2                
API;galartic;products;dec3_al;dec3_art;decimal;->>,>>>,>>9.999;yes;UsrDec3_galartic;decimal3Usr;opcional;product                                           ;user_dec3                
API;galartic;products;dec4_al;dec4_art;decimal;->>,>>>,>>9.999;yes;UsrDec4_galartic;decimal4Usr;opcional;product                                           ;user_dec4                
API;galartic;products;dec5_al;dec5_art;decimal;->>,>>>,>>9.999;yes;UsrDec5_galartic;decimal5Usr;opcional;product                                           ;user_dec5                
API;galartic;products;dec6_al;dec6_art;decimal;->>,>>>,>>9.999;yes;UsrDec6_galartic;decimal6Usr;opcional;product                                           ;user_dec6                
API;galartic;products;dell_art;description_long;character;X(800);no;Descricpción Ampliada;Desc. Ampliada;opcional;product                                           ;description_long         
API;galartic;products;dep_art;description_short;character;x(800);no;Descripción Propia;Introduzca la Descripción Propia del Artículo;opcional;product                                           ;description_short        
API;galartic;products;desc_art;is_compounded;logical;S/N;no;Artículos Descompuesto;Indica si el Artículo es un descompuesto;opcional;product                                           ;is_compounded            
API;galartic;products;fec_art;creation_date;date;99/99/9999;no;Fecha Creacion;Fecha de Creación del Artículo;opcional;product                                           ;creation_date            
API;galartic;products;gas_art;is_expenses;logical;yes/no;no;Artículo de Gastos;Artículo de Gastos;opcional;product                                           ;is_expenses              
API;galartic;products;gfl_art;has_fluorinated_gas;logical;yes/no;no;Contiene Gas Fluorado;Contiene Gas Fluorado;opcional;product                                           ;has_fluorinated_gas      
API;galartic;products;her_art;is_tool;logical;Si/No;no;Tipo de Herramienta;Artículo de tipo Herramienta;opcional;product                                           ;is_tool                  
API;galartic;products;Id_unico;unique_id;int64;99999999999999999999;no;Id único;;opcional;product                                           ;unique_id                
API;galartic;products;kit_art;is_kit;logical;S/N;no;Kit;Introduzca (S/N) Es un Kit;opcional;product                                           ;is_kit                   
API;galartic;products;mac_art;is_ancilliary;logical;Si/No;no;Material Accesorio;Indica si el Artículo es un Material Accesorio;opcional;product                                           ;is_ancilliary            
API;galartic;products;mar_art;brand_id;integer;Z999;no;Código Marca;Introduzca el Código de la Marca a la que pertenece el Articulo;opcional;product                                           ;brand_id                 
API;galartic;products;mon_art;is_assembled;logical;S/N;no;Montaje;Artículo de Montaje;opcional;product                                           ;is_assembled             
API;galartic;products;nec_art;include_in_necessity_list;logical;S/N;no;Artículo con Stock Pdte Servir;¿Considerar Todos los Artículos con Stock Pdte. Servir?;opcional;product                                           ;                         
API;galartic;products;nom_mar;brand_name;character;x(40);no;Nombre Marca;Introduzca la Marca de Artículo;opcional;product                                           ;                         
API;galartic;products;obs_art;notes;character;X(1600);no;Observaciones;Introduzca Observaciones del Articulo;opcional;product                                           ;notes                    
API;galartic;products;pao_art;is_work_item;logical;si/no;no;Partida de Obras;Partida de Obras;opcional;product                                           ;is_work_item             
API;galartic;products;precio_cero;is_on_request;logical;yes/no;no;Bajo Consulta;;opcional;product                                           ;is_on_request            
API;galartic;products;pub_art;is_published;logical;S/N;no;Publicable;Indica si el Art?culo es Publicable en Web;opcional;product                                           ;is_published             
API;galartic;products;ref_art;code_reference;character;X(24);no;Referencia Fabricante;Introduzca Referencia del Fabricante para el Artículo;opcional;product                                           ;reference                
API;galartic;products;ret_fle;has_freight_retention;logical;Si/No;no;Retención Fletes;Efectuar Retención de Fletes;opcional;product                                           ;has_freight_retention    
API;galartic;products;ser_art;is_service;logical;S/N;no;Servicios;¿Es un Artrículo de Servicios?;opcional;product                                           ;is_service               
API;galartic;products;tas_art;has_recycling_tax;logical;S/N;no;Tasa Reciclaje;¿Artículo con Tasa de Reciclaje?;opcional;product                                           ;has_recycling_tax        
API;galartic;products;teq_art;equivalency_mode;character;X(1);no;Tipo de Agrupación;Introduzca tipo de Agrupación;opcional;product                                           ;equivalency_mode         
API;galartic;products;tgf_art;fluorinated_gas_type;character;x(20);no;Tipo de Gas;;opcional;product                                           ;fluorinated_gas_type     
API;galmarca;brands;nom_mar;brand_name;character;X(40);no;Nombre Marca;Introduzca el Nombre de la Marca;obligatorio;product_brand                                     ;brand_name               
API;gcconfpc;purchaseOrderConfirmations;cif_cli;customer_vat_id;character;X(18);no;C.I.F.;Introduzca el C.I.F. / D.N.I. del Cliente;opcional;                                                  ;                         
API;gcconfpc;purchaseOrderConfirmations;cif_pro;supplier_vat_id;character;x(18);no;CIF G2G;CIF G2G;opcional;                                                  ;                         
API;gcconfpc;purchaseOrderConfirmations;cod_del;branch_id;integer;99;no;Empresa;Intoduzca la delegación;opcional;                                                  ;                         
API;gcconfpc;purchaseOrderConfirmations;cod_ent;company_id;integer;99;no;Empresa;Intoduzca la empresa;opcional;                                                  ;                         
API;gcconfpc;purchaseOrderConfirmations;cod_pro;supplier_id;integer;9999;no;Código Proveedor;Introduzca el Código de Proveedor;opcional;                                                  ;                         
API;gcconfpc;purchaseOrderConfirmations;cod_prot;protocol;character;x(4);no;Protocolo;Protocolo;opcional;                                                  ;                         
API;gcconfpc;purchaseOrderConfirmations;dtp_copc;special_discount;decimal;->9.99;no;Descuento Pronto Pago;Introduzca +/- % Descuento Pronto Pago del Pedido;opcional;                                                  ;                         
API;gcconfpc;purchaseOrderConfirmations;est_copc;confirmation_state;character;x;no;Estado;(A)bierta (C)errada;opcional;                                                  ;                         
API;gcconfpc;purchaseOrderConfirmations;fec_copc;confirmation_date;date;99/99/9999;no;Fecha Recepción Confirmación;;opcional;                                                  ;                         
API;gcconfpc;purchaseOrderConfirmations;Id_unico;unique_id;int64;99999999999999999999;no;Id único;;excluido;                                                  ;                         
API;gcconfpc;purchaseOrderConfirmations;Id_unico_pc;purchase_order_unique_id;int64;99999999999999999999;no;Id único;;opcional;                                                  ;                         
API;gcconfpc;purchaseOrderConfirmations;num_copc;purchase_order_confirmation_id;integer;9999;no;Confirmación;;opcional;                                                  ;                         
API;gcconfpc;purchaseOrderConfirmations;num_cpp;purchase_order_id;integer;9999999;no;Número Pedido;Introduzca el Número del Pedido de Compra;opcional;                                                  ;                         
API;gcconfpc;purchaseOrderConfirmations;pro_amb;supplier_ambit;integer;>>9;no;Ambito;Introduzca el Ambito del Proveedor;excluido;                                                  ;                         
API;gcconfpl;lines;art_amb;product_ambit;integer;>>9;no;Ambito;Introduzca el Ambito del Articulo;excluido;                                                  ;                         
API;gcconfpl;lines;can_copl;quantity;decimal;->,>>>,>>9.99;no;Cantidad;Introduzca la Cantidad;opcional;                                                  ;                         
API;gcconfpl;lines;cod_art;product_id;character;x(24);no;Cód.Artículo;Introduzca el Código del Artículo;opcional;                                                  ;                         
API;gcconfpl;lines;cod_cba;barcode;character;X(28);no;Barras;Introduzca Código de Barras;opcional;                                                  ;                         
API;gcconfpl;lines;cod_uea;packing_unit_id;character;X(2);no;U.E.;Introduzca la Unidad de Embalaje;excluido;                                                  ;                         
API;gcconfpl;lines;crec_copl;rejected_quantity;decimal;>,>>>,>>9.99;no;Cantidad Rechazada;Introduzca la Cantidad Rechazada;opcional;                                                  ;                         
API;gcconfpl;lines;ctl_art;product_code_corporative;character;x(20);no;Corp/Tel.;Introduzca el Código Telematel;opcional;                                                  ;product_code_corporative 
API;gcconfpl;lines;cuea_copl;price_quantity;decimal;>>>,>>9.99;no;Cantidad Unidad Embalaje;Introduzca Cantidad de Unidad de Embalaje.;opcional;                                                  ;                         
API;gcconfpl;lines;dep_copl;description;character;x(800);no;Descripción;Introduzca la Descripción;opcional;                                                  ;                         
API;gcconfpl;lines;disp_copl;availability;logical;Si/No;no;Disponibilidad Stock;;opcional;                                                  ;                         
API;gcconfpl;lines;dt1_copl;discount_1;decimal;->9.99;no;Dto Primero;Introduzca el % de Dto 1;opcional;                                                  ;                         
API;gcconfpl;lines;dt2_copl;discount_2;decimal;->9.99;no;Dto. 2;Introduzca el % de Dto. 2;opcional;                                                  ;                         
API;gcconfpl;lines;dt3_copl;discount_3;decimal;->9.99;no;Dto.3;Introduzca el % de Dto. 3;opcional;                                                  ;                         
API;gcconfpl;lines;fec_copl;delivery_date;date;99/99/9999;no;Fecha Entrega;;opcional;                                                  ;                         
API;gcconfpl;lines;itas_copl;tax_amount;decimal;->,>>>,>>9.999;no;Importe Tasa;Importe Tasa;opcional;                                                  ;tax_amount               
API;gcconfpl;lines;lin_copl;line_number;integer;999;no;Num.Linea Confirmación;Numero de la Linea de la Confirmación del Pedido de Compra;opcional;                                                  ;                         
API;gcconfpl;lines;lin_lpp;purchaseorder_line_number;integer;999;no;Num.Linea;Introduzca el Numero de la Linea del Pedido de Compra;opcional;                                                  ;                         
API;gcconfpl;lines;nom_mar;brand_name;character;X(40);no;Nombre Marca;Introduzca el Nombre de la Marca;opcional;                                                  ;brand_name               
API;gcconfpl;lines;ord_copl;line_order;integer;999;no;Orden;Numero del orden de la Línea de Confirmación;opcional;                                                  ;                         
API;gcconfpl;lines;pre_copl;price;decimal;>,>>>,>>9.999;no;Precio;Introduzca el Precio de la línea;opcional;                                                  ;                         
API;gcconfpl;lines;ref_art;reference;character;X(24);no;Ref.Fabricante;Introduzca Referencia del Fabricante para el Artículo;opcional;                                                  ;                         
API;gcconfpl;lines;tas_copl;has_tax;logical;S/N;no;Tasa;Indica si se Aplicará el RAEE en la Línea Detalle;opcional;                                                  ;has_tax                  
API;gcconfpl;lines;tlin_copl;line_type;character;x;no;Tipo Linea;A-> Artículo S->Servicio T->Texto;opcional;                                                  ;                         
API;gcnfcab;invoicenotification;adj_nof;has_attachments;logical;Si/No;no;Adjuntos;Documentos adjuntos asociados;excluido;invoicenotification                               ;has_attachments          
API;gcnfcab;invoicenotification;blq_nof;is_locked;logical;Si/No;no;Bloqueado;Bloqueado;excluido;invoicenotification                               ;                         
API;gcnfcab;invoicenotification;bru_nof;gross_amount;decimal;->>>,>>>,>>9.99;no;Importe Bruto B2B;;opcional;invoicenotification                               ;                         
API;gcnfcab;invoicenotification;char1_al;user_char1;character;x(100);yes;UsrChar1_gcnfcab;character1Usr;opcional;invoicenotification                               ;                         
API;gcnfcab;invoicenotification;char2_al;user_char2;character;x(100);yes;UsrChar2_gcnfcab;character2Usr;opcional;invoicenotification                               ;                         
API;gcnfcab;invoicenotification;char3_al;user_char3;character;x(100);yes;UsrChar3_gcnfcab;character3Usr;opcional;invoicenotification                               ;                         
API;gcnfcab;invoicenotification;char4_al;user_char4;character;x(100);yes;UsrChar4_gcnfcab;character4Usr;opcional;invoicenotification                               ;                         
API;gcnfcab;invoicenotification;char5_al;user_char5;character;x(100);yes;UsrChar5_gcnfcab;character5Usr;opcional;invoicenotification                               ;                         
API;gcnfcab;invoicenotification;char6_al;user_char6;character;x(100);yes;UsrChar6_gcnfcab;character6Usr;opcional;invoicenotification                               ;                         
API;gcnfcab;invoicenotification;char7_al;user_char7;character;x(100);yes;UsrChar7_gcnfcab;character7Usr;opcional;invoicenotification                               ;                         
API;gcnfcab;invoicenotification;char8_al;user_char8;character;x(100);yes;UsrChar8_gcnfcab;character8Usr;opcional;invoicenotification                               ;                         
API;gcnfcab;invoicenotification;cif_cli;customer_vat_id;character;x(18);no;CIF Cliente G2G;CIF G2G;opcional;invoicenotification                               ;                         
API;gcnfcab;invoicenotification;cif_pro;vat_number;character;x(18);no;CIF Proveedor;;obligatorio;invoicenotification                               ;                         
API;gcnfcab;invoicenotification;cmp_nof;mean_payment;character;x(2);no;Medio Pago;Introduzca el medio pago;opcional;invoicenotification                               ;mean_payment             
API;gcnfcab;invoicenotification;cod_del;branch_id;integer;99;no;Delegación;Intoduzca la delegación;opcional;invoicenotification                               ;branch_id                
API;gcnfcab;invoicenotification;cod_ent;company_id;integer;99;no;Empresa;Intoduzca la empresa;opcional;invoicenotification                               ;company_id               
API;gcnfcab;invoicenotification;cod_nof;notification_id;integer;9999999;no;Número Notificación;Introduzca el número de notificación;excluido;invoicenotification                               ;notification_id          
API;gcnfcab;invoicenotification;cod_pro;supplier_id;integer;9999;no;Proveedor;Introduzca el Código de Proveedor de la Factura;opcional;invoicenotification                               ;supplier_id              
API;gcnfcab;invoicenotification;cod_prot;protocol;character;x(4);no;Protocolo;;opcional;invoicenotification                               ;                         
API;gcnfcab;invoicenotification;cod_sas;currency_id;character;x(3);no;Divisa;Introduzca el Código de la Divisa;excluido;invoicenotification                               ;currency_id              
API;gcnfcab;invoicenotification;cod_usu;user_id;character;x(8);no;Usuario;Introduzca el usuario;excluido;invoicenotification                               ;user_id                  
API;gcnfcab;invoicenotification;dec1_al;user_dec1;decimal;->>,>>>,>>9.999;yes;UsrDec1_gcnfcab;decimal1Usr;opcional;invoicenotification                               ;                         
API;gcnfcab;invoicenotification;dec2_al;user_dec2;decimal;->>,>>>,>>9.999;yes;UsrDec2_gcnfcab;decimal2Usr;opcional;invoicenotification                               ;                         
API;gcnfcab;invoicenotification;dec3_al;user_dec3;decimal;->>,>>>,>>9.999;yes;UsrDec3_gcnfcab;decimal3Usr;opcional;invoicenotification                               ;                         
API;gcnfcab;invoicenotification;dec4_al;user_dec4;decimal;->>,>>>,>>9.999;yes;UsrDec4_gcnfcab;decimal4Usr;opcional;invoicenotification                               ;                         
API;gcnfcab;invoicenotification;dec5_al;user_dec5;decimal;->>,>>>,>>9.999;yes;UsrDec5_gcnfcab;decimal5Usr;opcional;invoicenotification                               ;                         
API;gcnfcab;invoicenotification;dec6_al;user_dec6;decimal;->>,>>>,>>9.999;yes;UsrDec6_gcnfcab;decimal6Usr;opcional;invoicenotification                               ;                         
API;gcnfcab;invoicenotification;dif_bru;gross_amount_difference;decimal;->>>,>>>,>>9.99;no;Diferencia Bruto Factura;;excluido;invoicenotification                               ;                         
API;gcnfcab;invoicenotification;dif_tot;amount_difference;decimal;->>>,>>>,>>9.99;no;Diferencia Total Factura;;excluido;invoicenotification                               ;                         
API;gcnfcab;invoicenotification;dmp_nof;payment_description;character;x(50);no;Descripción Medio Pago;Introduzca el medio pago;opcional;invoicenotification                               ;payment_description      
API;gcnfcab;invoicenotification;dtip_nof;invoice_type_description;character;x(50);no;Descripción Tipo Factura;Introduzca la descripción del tipo factura;opcional;invoicenotification                               ;invoice_type_description 
API;gcnfcab;invoicenotification;edi1_al;user_edi1;character;x(1000);yes;UsrEdi1_gcnfcab;editor1Usr;opcional;invoicenotification                               ;                         
API;gcnfcab;invoicenotification;edi2_al;user_edi2;character;x(1000);yes;UsrEdi2_gcnfcab;editor2Usr;opcional;invoicenotification                               ;                         
API;gcnfcab;invoicenotification;fac_nof;supplier_invoice_id;character;x(20);no;Número Factura Proveedor;Introduzca el número fac. proveedor;opcional;invoicenotification                               ;                         
API;gcnfcab;invoicenotification;fec1_al;user_fec1;date;99/99/9999;yes;UsrFec1_gcnfcab;fecha1Usr;opcional;invoicenotification                               ;                         
API;gcnfcab;invoicenotification;fec2_al;user_fec2;date;99/99/9999;yes;UsrFec2_gcnfcab;fecha2Usr;opcional;invoicenotification                               ;                         
API;gcnfcab;invoicenotification;fec3_al;user_fec3;date;99/99/9999;yes;UsrFec3_gcnfcab;fecha3Usr;opcional;invoicenotification                               ;                         
API;gcnfcab;invoicenotification;fec_nof;date;date;99/99/9999;no;Fecha Notifiación;Introduzca la fecha;obligatorio;invoicenotification                               ;date                     
API;gcnfcab;invoicenotification;id_unico;unique_id;Int64;99999999999999999999;no;Id. Unico;;excluido;invoicenotification                               ;unique_id                
API;gcnfcab;invoicenotification;img_nof;notification_image;character;x(800);no;Imagen;Imagen;opcional;invoicenotification                               ;                         
API;gcnfcab;invoicenotification;ipr_nof;printed;logical;Si/No;no;Impreso;Introduzca el impreso;excluido;invoicenotification                               ;printed                  
API;gcnfcab;invoicenotification;obs_nof;notes;character;x(800);no;Observaciones;Introduzca las observaciones;opcional;invoicenotification                               ;notes                    
API;gcnfcab;invoicenotification;ori_nof;origin;character;x;no;Origen;Introduzca el origen;excluido;invoicenotification                               ;origin                   
API;gcnfcab;invoicenotification;pro_amb;supplier_ambit;integer;>>9;no;Ambito Proveedor;Introduzca el Ambito del Proveedor;excluido;invoicenotification                               ;supplier_ambit           
API;gcnfcab;invoicenotification;pto_nof;sale_point;character;x(20);no;Punto Venta;Introduzca el punto de venta;opcional;invoicenotification                               ;sale_point               
API;gcnfcab;invoicenotification;ref_nof;reference;character;x(20);no;Referencia;Introduzca la referencia;obligatorio;invoicenotification                               ;reference                
API;gcnfcab;invoicenotification;sit_nof;status;character;x;no;Situación;Introduzca la Situación;opcional;invoicenotification                               ;status                   
API;gcnfcab;invoicenotification;sol_nof;applicant;character;x(20);no;Solicitante;Introduzca el solicitante;opcional;invoicenotification                               ;applicant                
API;gcnfcab;invoicenotification;tip_nof;invoice_type;character;x(2);no;Tipo Factura;Introdruzca el Tipo Factura;opcional;invoicenotification                               ;invoice_type             
API;gcnfcab;invoicenotification;tot_nof;amount;decimal;->>>,>>>,>>9.99;no;Importe Total B2B;;opcional;invoicenotification                               ;                         
API;gcnfimp;taxes;bas_imd;invoice_tax_base;decimal;>,>>>,>>>,>>>,>>>,>>9.99999;no;Base Factura;Introduzca la base;opcional;purchase_notification_taxes                       ;                         
API;gcnfimp;taxes;bas_inf;tax_base;decimal;>,>>>,>>>,>>>,>>>,>>9.99999;no;Base;Introduzca la base;opcional;purchase_notification_taxes                       ;                         
API;gcnfimp;taxes;char1_al;user_char1;character;x(100);yes;UsrChar1_gcnfimp;character1Usr;opcional;purchase_notification_taxes                       ;                         
API;gcnfimp;taxes;char2_al;user_char2;character;x(100);yes;UsrChar2_gcnfimp;character2Usr;opcional;purchase_notification_taxes                       ;                         
API;gcnfimp;taxes;char3_al;user_char3;character;x(100);yes;UsrChar3_gcnfimp;character3Usr;opcional;purchase_notification_taxes                       ;                         
API;gcnfimp;taxes;char4_al;user_char4;character;x(100);yes;UsrChar4_gcnfimp;character4Usr;opcional;purchase_notification_taxes                       ;                         
API;gcnfimp;taxes;char5_al;user_char5;character;x(100);yes;UsrChar5_gcnfimp;character5Usr;opcional;purchase_notification_taxes                       ;                         
API;gcnfimp;taxes;char6_al;user_char6;character;x(100);yes;UsrChar6_gcnfimp;character6Usr;opcional;purchase_notification_taxes                       ;                         
API;gcnfimp;taxes;char7_al;user_char7;character;x(100);yes;UsrChar7_gcnfimp;character7Usr;opcional;purchase_notification_taxes                       ;                         
API;gcnfimp;taxes;char8_al;user_char8;character;x(100);yes;UsrChar8_gcnfimp;character8Usr;opcional;purchase_notification_taxes                       ;                         
API;gcnfimp;taxes;cod_del;branch_id;integer;99;no;Delegación;Intoduzca la delegación;excluido;purchase_notification_taxes                       ;                         
API;gcnfimp;taxes;cod_ent;company_id;integer;99;no;Empresa;Intoduzca la empresa;excluido;purchase_notification_taxes                       ;                         
API;gcnfimp;taxes;cod_imd;tax_id;integer;99;no;Tipo Impuesto;Introduzca el tipo impuesto;opcional;purchase_notification_taxes                       ;                         
API;gcnfimp;taxes;cod_imp;tax_type;integer;99;no;Tipo Impuesto;Introduzca el tipo impuesto;opcional;purchase_notification_taxes                       ;                         
API;gcnfimp;taxes;cod_nof;notification_id;integer;9999999;no;Número Notificación;Introduzca el número de notificación;excluido;purchase_notification_taxes                       ;                         
API;gcnfimp;taxes;dec1_al;user_dec1;decimal;->>,>>>,>>9.999;yes;UsrDec1_gcnfimp;decimal1Usr;opcional;purchase_notification_taxes                       ;                         
API;gcnfimp;taxes;dec2_al;user_dec2;decimal;->>,>>>,>>9.999;yes;UsrDec2_gcnfimp;decimal2Usr;opcional;purchase_notification_taxes                       ;                         
API;gcnfimp;taxes;dec3_al;user_dec3;decimal;->>,>>>,>>9.999;yes;UsrDec3_gcnfimp;decimal3Usr;opcional;purchase_notification_taxes                       ;                         
API;gcnfimp;taxes;dec4_al;user_dec4;decimal;->>,>>>,>>9.999;yes;UsrDec4_gcnfimp;decimal4Usr;opcional;purchase_notification_taxes                       ;                         
API;gcnfimp;taxes;dec5_al;user_dec5;decimal;->>,>>>,>>9.999;yes;UsrDec5_gcnfimp;decimal5Usr;opcional;purchase_notification_taxes                       ;                         
API;gcnfimp;taxes;dec6_al;user_dec6;decimal;->>,>>>,>>9.999;yes;UsrDec6_gcnfimp;decimal6Usr;opcional;purchase_notification_taxes                       ;                         
API;gcnfimp;taxes;dtip_inf;description_type_tax;character;x(50);no;Descripción Tipo Impuesto;Introduzca la descripción del tipo impuesto;opcional;purchase_notification_taxes                       ;                         
API;gcnfimp;taxes;edi1_al;user_edi1;character;x(1000);yes;UsrEdi1_gcnfimp;editor1Usr;opcional;purchase_notification_taxes                       ;                         
API;gcnfimp;taxes;edi2_al;user_edi2;character;x(1000);yes;UsrEdi2_gcnfimp;editor2Usr;opcional;purchase_notification_taxes                       ;                         
API;gcnfimp;taxes;fec1_al;user_fec1;date;99/99/9999;yes;UsrFec1_gcnfimp;fecha1Usr;opcional;purchase_notification_taxes                       ;                         
API;gcnfimp;taxes;fec2_al;user_fec2;date;99/99/9999;yes;UsrFec2_gcnfimp;fecha2Usr;opcional;purchase_notification_taxes                       ;                         
API;gcnfimp;taxes;fec3_al;user_fec3;date;99/99/9999;yes;UsrFec3_gcnfimp;fecha3Usr;opcional;purchase_notification_taxes                       ;                         
API;gcnfimp;taxes;imp_imd;invoice_tax_amount;decimal;>,>>>,>>>,>>>,>>>,>>9.99999;no;Importe Factura;Introduzca el importe;opcional;purchase_notification_taxes                       ;                         
API;gcnfimp;taxes;imp_inf;tax_amount;decimal;>,>>>,>>>,>>>,>>>,>>9.99999;no;Importe;Introduzca el importe;opcional;purchase_notification_taxes                       ;                         
API;gcnfimp;taxes;lin_lnf;tax_line;integer;9999;no;Línea;Introduzca la línea;opcional;purchase_notification_taxes                       ;                         
API;gcnfimp;taxes;por_imd;invoice_tax_rate;decimal;>>9.99;no;Porcentaje Factura;Introduzca el porcentaje;opcional;purchase_notification_taxes                       ;                         
API;gcnfimp;taxes;por_inf;tax_rate;decimal;>>9.99;no;Porcentaje;Introduzca el porcentaje;opcional;purchase_notification_taxes                       ;                         
API;gcnfimp;taxes;tip_inf;type_tax;character;x(2);no;Impuesto;Introduzca el impuesto;opcional;purchase_notification_taxes                       ;                         
API;gcnflin;lines;art_amb;product_ambit;integer;>>9;no;Ambito Artículo;Introduzca el Ambito del Articulo;excluido;invoicenotification_lines                         ;product_ambit            
API;gcnflin;lines;bru_alc;gross_amount_deliverynotes;decimal;->>>,>>>,>>9.99;no;Importe Bruto Alb. ERP;;excluido;invoicenotification_lines                         ;                         
API;gcnflin;lines;can_lnf;quantity;decimal;->>>,>>9.999;no;Cantidad;Introduzca la cantidad;opcional;invoicenotification_lines                         ;quantity                 
API;gcnflin;lines;char1_al;user_char1;character;x(100);yes;UsrChar1_gcnflin;character1Usr;opcional;invoicenotification_lines                         ;                         
API;gcnflin;lines;char2_al;user_char2;character;x(100);yes;UsrChar2_gcnflin;character2Usr;opcional;invoicenotification_lines                         ;                         
API;gcnflin;lines;char3_al;user_char3;character;x(100);yes;UsrChar3_gcnflin;character3Usr;opcional;invoicenotification_lines                         ;                         
API;gcnflin;lines;char4_al;user_char4;character;x(100);yes;UsrChar4_gcnflin;character4Usr;opcional;invoicenotification_lines                         ;                         
API;gcnflin;lines;char5_al;user_char5;character;x(100);yes;UsrChar5_gcnflin;character5Usr;opcional;invoicenotification_lines                         ;                         
API;gcnflin;lines;char6_al;user_char6;character;x(100);yes;UsrChar6_gcnflin;character6Usr;opcional;invoicenotification_lines                         ;                         
API;gcnflin;lines;char7_al;user_char7;character;x(100);yes;UsrChar7_gcnflin;character7Usr;opcional;invoicenotification_lines                         ;                         
API;gcnflin;lines;char8_al;user_char8;character;x(100);yes;UsrChar8_gcnflin;character8Usr;opcional;invoicenotification_lines                         ;                         
API;gcnflin;lines;cod_art;product_id;character;x(24);no;Artículo;Introduzca el Código del Artículo;opcional;invoicenotification_lines                         ;product_id               
API;gcnflin;lines;cod_del;branch_id;integer;99;no;Delegación;Intoduzca la delegación;excluido;invoicenotification_lines                         ;branch_id                
API;gcnflin;lines;cod_ent;company_id;integer;99;no;Empresa;Intoduzca la empresa;excluido;invoicenotification_lines                         ;company_id               
API;gcnflin;lines;cod_mar;brand_id;integer;9999;no;Marca;Introduzca la marca;opcional;invoicenotification_lines                         ;brand_id                 
API;gcnflin;lines;cod_nof;notification_id;integer;9999999;no;Número Notificación;Introduzca el número de notificación;opcional;invoicenotification_lines                         ;notification_id          
API;gcnflin;lines;cod_uea;packing_unit_id;character;x(2);no;Unidad Embalaje;Introduzca el embalaje;excluido;invoicenotification_lines                         ;packing_unit_id          
API;gcnflin;lines;cpv_lnf;sales_order_id;character;x(20);no;Pedido Venta;Introduzca el Pedido Venta;excluido;invoicenotification_lines                         ;sales_order_id           
API;gcnflin;lines;ctl_art;product_code_corporative;character;x(20);no;C. Telematel;Introduzca el código telematel;excluido;invoicenotification_lines                         ;product_code_corporative 
API;gcnflin;lines;cuea_lnf;price_quantity;decimal;>>>,>>9.99;no;Cantidad Precio;Introduzca la cantidad de precio;opcional;invoicenotification_lines                         ;price_quantity           
API;gcnflin;lines;dec1_al;user_dec1;decimal;->>,>>>,>>9.999;yes;UsrDec1_gcnflin;decimal1Usr;opcional;invoicenotification_lines                         ;                         
API;gcnflin;lines;dec2_al;user_dec2;decimal;->>,>>>,>>9.999;yes;UsrDec2_gcnflin;decimal2Usr;opcional;invoicenotification_lines                         ;                         
API;gcnflin;lines;dec3_al;user_dec3;decimal;->>,>>>,>>9.999;yes;UsrDec3_gcnflin;decimal3Usr;opcional;invoicenotification_lines                         ;                         
API;gcnflin;lines;dec4_al;user_dec4;decimal;->>,>>>,>>9.999;yes;UsrDec4_gcnflin;decimal4Usr;opcional;invoicenotification_lines                         ;                         
API;gcnflin;lines;dec5_al;user_dec5;decimal;->>,>>>,>>9.999;yes;UsrDec5_gcnflin;decimal5Usr;opcional;invoicenotification_lines                         ;                         
API;gcnflin;lines;dec6_al;user_dec6;decimal;->>,>>>,>>9.999;yes;UsrDec6_gcnflin;decimal6Usr;opcional;invoicenotification_lines                         ;                         
API;gcnflin;lines;det_art;description;character;x(800);no;Descripción Artículo;introduzca la descripción;opcional;invoicenotification_lines                         ;description              
API;gcnflin;lines;dif_bru;gross_amount_difference;decimal;->>>,>>>,>>9.99;no;Diferencia Bruto Alb.;;excluido;invoicenotification_lines                         ;                         
API;gcnflin;lines;dt1_lnf;discount_1;decimal;>9.99;no;Primer Descuento;Introduzca el dto1;opcional;invoicenotification_lines                         ;discount_1               
API;gcnflin;lines;dto2_lnf;discount_2;decimal;>9.99;no;Segundo Descuento;Introduzca el dto2;opcional;invoicenotification_lines                         ;discount_2               
API;gcnflin;lines;dto3_lnf;discount_3;decimal;>9.99;no;Tercer Descuento;Introduzca el dto3;opcional;invoicenotification_lines                         ;discount_3               
API;gcnflin;lines;ean_lnf;ean;character;x(20);no;Ean;Introduzca el ean;excluido;invoicenotification_lines                         ;ean                      
API;gcnflin;lines;edi1_al;user_edi1;character;x(1000);yes;UsrEdi1_gcnflin;editor1Usr;opcional;invoicenotification_lines                         ;                         
API;gcnflin;lines;edi2_al;user_edi2;character;x(1000);yes;UsrEdi2_gcnflin;editor2Usr;opcional;invoicenotification_lines                         ;                         
API;gcnflin;lines;fec1_al;user_fec1;date;99/99/9999;yes;UsrFec1_gcnflin;fecha1Usr;opcional;invoicenotification_lines                         ;                         
API;gcnflin;lines;fec2_al;user_fec2;date;99/99/9999;yes;UsrFec2_gcnflin;fecha2Usr;opcional;invoicenotification_lines                         ;                         
API;gcnflin;lines;fec3_al;user_fec3;date;99/99/9999;yes;UsrFec3_gcnflin;fecha3Usr;opcional;invoicenotification_lines                         ;                         
API;gcnflin;lines;lin_lnf;notification_line_number;integer;9999;no;Línea;Introduzca la línea;opcional;invoicenotification_lines                         ;notification_line_number 
API;gcnflin;lines;lin_lpp;purchaseorder_line_number;integer;9999;no;Num.LíneaPed.Compra;Introduzca el Num.LíneaPed.Compra;excluido;invoicenotification_lines                         ;purchaseorder_line_number
API;gcnflin;lines;loc_alc;deliverynote_is_located;logical;Si/No;no;Localizado;Localizado;excluido;invoicenotification_lines                         ;                         
API;gcnflin;lines;lpv_lnf;sales_order_line_number;character;x(6);no;Núm.Línea Ped. Venta;Introduzca el Núm.Línea Ped. Venta;excluido;invoicenotification_lines                         ;sales_order_line_number  
API;gcnflin;lines;num_cpp;purchase_order_id;integer;9999999;no;Nº Ped.Compra;Introduzca el pedido de compra;excluido;invoicenotification_lines                         ;purchase_order_id        
API;gcnflin;lines;obs_lnf;notes;character;x(800);no;Observaciones;Introduzca las observaciones;opcional;invoicenotification_lines                         ;notes                    
API;gcnflin;lines;ord_lnf;line_order;integer;9999;no;Orden;Introduzca el orden;opcional;invoicenotification_lines                         ;line_order               
API;gcnflin;lines;pal_noe;supplier_delivery_note_id;character;x(20);no;Num. Albarán Proveedor;Introduzca el número albarán proveedor;obligatorio;invoicenotification_lines                         ;supplier_delivery_note_id
API;gcnflin;lines;pre_lnf;price;decimal;>,>>>,>>9.999;no;Precio;Introduzca el precio;opcional;invoicenotification_lines                         ;price                    
API;gcnflin;lines;ref_art;product_reference;character;X(24);no;Referencia;Introduzca la referencia;opcional;invoicenotification_lines                         ;product_reference        
API;gcnflin;lines;sit_lnf;status;character;x;no;Situación;Introducción la situación;excluido;invoicenotification_lines                         ;status                   
API;gcnflin;lines;tbd_lnf;line_type;character;x;no;Origen Línea;Introduzca el origen de la línea;opcional;invoicenotification_lines                         ;origin_line              
API;gcnfven;receipts;char1_al;user_char1;character;x(100);yes;UsrChar1_gcnfven;character1Usr;opcional;purchase_notification_pay                         ;                         
API;gcnfven;receipts;char2_al;user_char2;character;x(100);yes;UsrChar2_gcnfven;character2Usr;opcional;purchase_notification_pay                         ;                         
API;gcnfven;receipts;char3_al;user_char3;character;x(100);yes;UsrChar3_gcnfven;character3Usr;opcional;purchase_notification_pay                         ;                         
API;gcnfven;receipts;char4_al;user_char4;character;x(100);yes;UsrChar4_gcnfven;character4Usr;opcional;purchase_notification_pay                         ;                         
API;gcnfven;receipts;char5_al;user_char5;character;x(100);yes;UsrChar5_gcnfven;character5Usr;opcional;purchase_notification_pay                         ;                         
API;gcnfven;receipts;char6_al;user_char6;character;x(100);yes;UsrChar6_gcnfven;character6Usr;opcional;purchase_notification_pay                         ;                         
API;gcnfven;receipts;char7_al;user_char7;character;x(100);yes;UsrChar7_gcnfven;character7Usr;opcional;purchase_notification_pay                         ;                         
API;gcnfven;receipts;char8_al;user_char8;character;x(100);yes;UsrChar8_gcnfven;character8Usr;opcional;purchase_notification_pay                         ;                         
API;gcnfven;receipts;cod_del;branch_id;integer;99;no;Delegación;Intoduzca la delegación;excluido;purchase_notification_pay                         ;                         
API;gcnfven;receipts;cod_ent;company_id;integer;99;no;Empresa;Intoduzca la empresa;excluido;purchase_notification_pay                         ;                         
API;gcnfven;receipts;cod_nof;notification_id;integer;9999999;no;Número Notificación;Introduzca el número de notificación;excluido;purchase_notification_pay                         ;                         
API;gcnfven;receipts;dec1_al;user_dec1;decimal;->>,>>>,>>9.999;yes;UsrDec1_gcnfven;decimal1Usr;opcional;purchase_notification_pay                         ;                         
API;gcnfven;receipts;dec2_al;user_dec2;decimal;->>,>>>,>>9.999;yes;UsrDec2_gcnfven;decimal2Usr;opcional;purchase_notification_pay                         ;                         
API;gcnfven;receipts;dec3_al;user_dec3;decimal;->>,>>>,>>9.999;yes;UsrDec3_gcnfven;decimal3Usr;opcional;purchase_notification_pay                         ;                         
API;gcnfven;receipts;dec4_al;user_dec4;decimal;->>,>>>,>>9.999;yes;UsrDec4_gcnfven;decimal4Usr;opcional;purchase_notification_pay                         ;                         
API;gcnfven;receipts;dec5_al;user_dec5;decimal;->>,>>>,>>9.999;yes;UsrDec5_gcnfven;decimal5Usr;opcional;purchase_notification_pay                         ;                         
API;gcnfven;receipts;dec6_al;user_dec6;decimal;->>,>>>,>>9.999;yes;UsrDec6_gcnfven;decimal6Usr;opcional;purchase_notification_pay                         ;                         
API;gcnfven;receipts;edi1_al;user_edi1;character;x(1000);yes;UsrEdi1_gcnfven;editor1Usr;opcional;purchase_notification_pay                         ;                         
API;gcnfven;receipts;edi2_al;user_edi2;character;x(1000);yes;UsrEdi2_gcnfven;editor2Usr;opcional;purchase_notification_pay                         ;                         
API;gcnfven;receipts;fec1_al;user_date1;date;99/99/9999;yes;UsrFec1_gcnfven;fecha1Usr;opcional;purchase_notification_pay                         ;                         
API;gcnfven;receipts;fec2_al;user_date2;date;99/99/9999;yes;UsrFec2_gcnfven;fecha2Usr;opcional;purchase_notification_pay                         ;                         
API;gcnfven;receipts;fec3_al;user_date3;date;99/99/9999;yes;UsrFec3_gcnfven;fecha3Usr;opcional;purchase_notification_pay                         ;                         
API;gcnfven;receipts;fec_ppg;invoice_receipt_date;date;99/99/9999;no;Fecha Factura;Introduzca la fecha;opcional;purchase_notification_pay                         ;                         
API;gcnfven;receipts;fec_vnf;receipt_date;date;99/99/9999;no;Fecha;Introduzca la fecha;opcional;purchase_notification_pay                         ;                         
API;gcnfven;receipts;imp_ppg;invoice_receipt_amount;decimal;>,>>>,>>>,>>>,>>9.99999;no;Importe Factura;Introduzca el importe;opcional;purchase_notification_pay                         ;                         
API;gcnfven;receipts;imp_vnf;receipt_amount;decimal;>,>>>,>>>,>>>,>>9.99999;no;Importe;Introduzca el importe;opcional;purchase_notification_pay                         ;                         
API;gcnfven;receipts;lin_vnf;tax_line;integer;9999;no;Número Vencimiento;Introduzca el número vencimiento;opcional;purchase_notification_pay                         ;                         
API;gcnocab;deliverynotification;adj_noe;has_attachments;logical;yes/no;no;Documentos Adjuntos;Documentos Adjuntos;excluido;deliverynotification                              ;                         
API;gcnocab;deliverynotification;bul_noe;parcels;integer;99999;no;Número Bultos;Introduzca el Número Bultos;opcional;deliverynotification                              ;                         
API;gcnocab;deliverynotification;char1_al;user_char1;character;x(100);yes;UsrChar1_gcnocab;character1Usr;opcional;deliverynotification                              ;                         
API;gcnocab;deliverynotification;char2_al;user_char2;character;x(100);yes;UsrChar2_gcnocab;character2Usr;opcional;deliverynotification                              ;                         
API;gcnocab;deliverynotification;char3_al;user_char3;character;x(100);yes;UsrChar3_gcnocab;character3Usr;opcional;deliverynotification                              ;                         
API;gcnocab;deliverynotification;char4_al;user_char4;character;x(100);yes;UsrChar4_gcnocab;character4Usr;opcional;deliverynotification                              ;                         
API;gcnocab;deliverynotification;char5_al;user_char5;character;x(100);yes;UsrChar5_gcnocab;character5Usr;opcional;deliverynotification                              ;                         
API;gcnocab;deliverynotification;char6_al;user_char6;character;x(100);yes;UsrChar6_gcnocab;character6Usr;opcional;deliverynotification                              ;                         
API;gcnocab;deliverynotification;char7_al;user_char7;character;x(100);yes;UsrChar7_gcnocab;character7Usr;opcional;deliverynotification                              ;                         
API;gcnocab;deliverynotification;char8_al;user_char8;character;x(100);yes;UsrChar8_gcnocab;character8Usr;opcional;deliverynotification                              ;                         
API;gcnocab;deliverynotification;cif_pro;vat_number;character;x(18);no;CIF Proveedor;;opcional;deliverynotification                              ;                         
API;gcnocab;deliverynotification;cod_coe;delivery_terms;character;x(3);no;C.Entrega;Introduzca el código de entrega;opcional;deliverynotification                              ;                         
API;gcnocab;deliverynotification;cod_del;branch_id;integer;99;no;Delegación;Intoduzca la delegación;opcional;deliverynotification                              ;                         
API;gcnocab;deliverynotification;cod_ent;company_id;integer;99;no;Empresa;Intoduzca la empresa;opcional;deliverynotification                              ;                         
API;gcnocab;deliverynotification;cod_noe;notification_id;integer;9999999;no;Notificación;Introduzca el número de notificación;excluido;deliverynotification                              ;                         
API;gcnocab;deliverynotification;cod_pai_cl;customer_country_id;character;x(2);no;País cliente;Introduzca el país del cliente;opcional;deliverynotification                              ;                         
API;gcnocab;deliverynotification;cod_pai_ex;expedition_country_id;character;x(2);no;País centro exped.;Introduzca el País centro exped.;opcional;deliverynotification                              ;                         
API;gcnocab;deliverynotification;cod_pai_m;shipping_country_id;character;x(2);no;País;Introduzca el país;opcional;deliverynotification                              ;                         
API;gcnocab;deliverynotification;cod_pro;vendor_id;integer;9999;no;Proveedor;Introduzca el Código de Proveedor de la Factura;obligatorio;deliverynotification                              ;                         
API;gcnocab;deliverynotification;cod_prot;protocol;character;x(4);no;Protocolo;;opcional;deliverynotification                              ;                         
API;gcnocab;deliverynotification;cod_provi_cl;customer_province_id;integer;99;no;Provincia cliente;Introduzca la Provincia cliente;opcional;deliverynotification                              ;                         
API;gcnocab;deliverynotification;cod_provi_ex;expedition_province_id;integer;99;no;Provincia centro exped.;Introduzca la Provincia centro exped.;opcional;deliverynotification                              ;                         
API;gcnocab;deliverynotification;cod_provi_m;shipping_province_id;integer;99;no;Província;Introduzca la provincia;opcional;deliverynotification                              ;                         
API;gcnocab;deliverynotification;cod_tra;carrier_id;integer;>>9;no;Transportista;Introduzca el Código de Transportista;opcional;deliverynotification                              ;                         
API;gcnocab;deliverynotification;cod_um_p;measurement_unit_weight;character;x(2);no;Unidad Medida Peso;Introduzca la unidad medida peso;opcional;deliverynotification                              ;                         
API;gcnocab;deliverynotification;cod_um_v;measurement_unit_volume;character;x(2);no;Unidad Medida Volumen;Introduzca la Unidad Medida Volumen;opcional;deliverynotification                              ;                         
API;gcnocab;deliverynotification;cod_usu;user_id;character;x(8);no;Usuario;Código del Usuario que Genera el Albarán;excluido;deliverynotification                              ;                         
API;gcnocab;deliverynotification;cod_via_cl;customer_street_type;character;x(2);no;Tipo Vía Cliente;Introduzca el Tipo Vía Cliente;opcional;deliverynotification                              ;                         
API;gcnocab;deliverynotification;cod_via_ex;expedition_street_type;character;x(2);no;Tipo Vía Centro Exped.;Introduzca el Tipo Vía Centro Exped.;opcional;deliverynotification                              ;                         
API;gcnocab;deliverynotification;cod_via_m;shipping_street_type;character;x(2);no;Vía;Introduzca la vía;opcional;deliverynotification                              ;                         
API;gcnocab;deliverynotification;cpcli_noe;customer_postal_code;character;x(10);no;C.Postal cliente;Introduzca el C.Postal cliente;opcional;deliverynotification                              ;                         
API;gcnocab;deliverynotification;cpexp_noe;expedition_postal_code;character;x(10);no;C.Postal Centro Exped.;Introduzca el C.Postal Centro Exped.;opcional;deliverynotification                              ;                         
API;gcnocab;deliverynotification;dcli_noe;customer_address;character;x(60);no;Dirección Cliente;Introduzca la Dirección Cliente;opcional;deliverynotification                              ;                         
API;gcnocab;deliverynotification;dec1_al;user_dec1;decimal;->>,>>>,>>9.999;yes;UsrDec1_gcnocab;decimal1Usr;opcional;deliverynotification                              ;                         
API;gcnocab;deliverynotification;dec2_al;user_dec2;decimal;->>,>>>,>>9.999;yes;UsrDec2_gcnocab;decimal2Usr;opcional;deliverynotification                              ;                         
API;gcnocab;deliverynotification;dec3_al;user_dec3;decimal;->>,>>>,>>9.999;yes;UsrDec3_gcnocab;decimal3Usr;opcional;deliverynotification                              ;                         
API;gcnocab;deliverynotification;dec4_al;user_dec4;decimal;->>,>>>,>>9.999;yes;UsrDec4_gcnocab;decimal4Usr;opcional;deliverynotification                              ;                         
API;gcnocab;deliverynotification;dec5_al;user_dec5;decimal;->>,>>>,>>9.999;yes;UsrDec5_gcnocab;decimal5Usr;opcional;deliverynotification                              ;                         
API;gcnocab;deliverynotification;dec6_al;user_dec6;decimal;->>,>>>,>>9.999;yes;UsrDec6_gcnocab;decimal6Usr;opcional;deliverynotification                              ;                         
API;gcnocab;deliverynotification;des_noe;receiver;character;x(20);no;Destinatario Mercancías;Introduzca el Destinatario Mercancías;opcional;deliverynotification                              ;                         
API;gcnocab;deliverynotification;dexp_noe;expedition_address;character;x(60);no;Dirección Centro Exped.;Introduzca la Dirección Centro Exped.;opcional;deliverynotification                              ;                         
API;gcnocab;deliverynotification;dir_mer;shipping_address;character;x(55);no;Dirección;Introduzca la Dirección;opcional;deliverynotification                              ;                         
API;gcnocab;deliverynotification;doce_noe;delivery_terms_description;character;x(50);no;Descrp.Cond.Entrega;Introduzca la Descrp.Cond.Entrega;opcional;deliverynotification                              ;                         
API;gcnocab;deliverynotification;dpo_mer;shipping_postal_code;integer;99999;no;C. Postal;Introduzca el Código Postal;opcional;deliverynotification                              ;                         
API;gcnocab;deliverynotification;ecli_noe;customer_email;character;x(40);no;e-mail cliente;Introduzca el e-mail cliente;opcional;deliverynotification                              ;                         
API;gcnocab;deliverynotification;edi1_al;user_edi1;character;x(1000);yes;UsrEdi1_gcnocab;editor1Usr;opcional;deliverynotification                              ;                         
API;gcnocab;deliverynotification;edi2_al;user_edi2;character;x(1000);yes;UsrEdi2_gcnocab;editor2Usr;opcional;deliverynotification                              ;                         
API;gcnocab;deliverynotification;eexp_noe;expedition_email;character;x(40);no;e-mail centro exped.;Introduzca el e-mail centro exped.;opcional;deliverynotification                              ;                         
API;gcnocab;deliverynotification;ema_mer;shipping_email;character;x(60);no;e-mail;Introduzca el e-mail;opcional;deliverynotification                              ;                         
API;gcnocab;deliverynotification;entr_noe;delivered_material;logical;yes/no;no;Material Entregado;;opcional;deliverynotification                              ;                         
API;gcnocab;deliverynotification;ext_noe;expedition_id;character;x(20);no;Número expedición;Introduzca el Número expedición;opcional;deliverynotification                              ;                         
API;gcnocab;deliverynotification;fab_noe;vendor_ptl_id;character;x(20);no;Fabricante PTL;Introduzca el Código fabricante PTL;opcional;deliverynotification                              ;                         
API;gcnocab;deliverynotification;fae_noe;vendor_external_id;character;x(20);no;Fabricante externo;Introduzca el Código fabricante externo;opcional;deliverynotification                              ;                         
API;gcnocab;deliverynotification;fax_mer;shipping_fax;character;x(18);no;Fax;Introduzca el fax;opcional;deliverynotification                              ;                         
API;gcnocab;deliverynotification;fcli_noe;customer_fax;character;x(18);no;Fax cliente;Introduzca el Fax cliente;opcional;deliverynotification                              ;                         
API;gcnocab;deliverynotification;fec1_al;user_date1;date;99/99/9999;yes;UsrFec1_gcnocab;fecha1Usr;opcional;deliverynotification                              ;                         
API;gcnocab;deliverynotification;fec2_al;user_date2;date;99/99/9999;yes;UsrFec2_gcnocab;fecha2Usr;opcional;deliverynotification                              ;                         
API;gcnocab;deliverynotification;fec3_al;user_date3;date;99/99/9999;yes;UsrFec3_gcnocab;fecha3Usr;opcional;deliverynotification                              ;                         
API;gcnocab;deliverynotification;fec_noe;date;date;99/99/9999;no;Fecha;Introduzca la fecha;excluido;deliverynotification                              ;                         
API;gcnocab;deliverynotification;fee_noe;delivery_date;date;99/99/9999;no;Fecha Entrega;Introduzca la fecha de entrega;opcional;deliverynotification                              ;                         
API;gcnocab;deliverynotification;fexp_noe;expedition_fax;character;x(18);no;Fax centro exped.;Introduzca el Fax centro exped.;opcional;deliverynotification                              ;                         
API;gcnocab;deliverynotification;fir_noe;delivery_signed_by;character;x(60);no;Quien firma entrega;;opcional;deliverynotification                              ;                         
API;gcnocab;deliverynotification;id_unico;unique_id;int64;99999999999999999999;no;Id único;;excluido;deliverynotification                              ;                         
API;gcnocab;deliverynotification;ipr_noe;printed;logical;si/no;no;Impreso;;excluido;deliverynotification                              ;                         
API;gcnocab;deliverynotification;lue_noe;delivery_place;character;x(60);no;Lugar entrega;;opcional;deliverynotification                              ;                         
API;gcnocab;deliverynotification;ncli_noe;customer_name;character;x(55);no;Nombre cliente;Introduzca el Nombre cliente;opcional;deliverynotification                              ;                         
API;gcnocab;deliverynotification;nexo_noe;expedition_center_name;character;x(55);no;Nombre Centro Exped.;Introduzca el Nombre Centro Exped.;opcional;deliverynotification                              ;                         
API;gcnocab;deliverynotification;nif_noe;customer_vat_number;character;x(20);no;NIF Cliente;Introduzca el NIF Cliente;opcional;deliverynotification                              ;                         
API;gcnocab;deliverynotification;num_mer;shipping_street_number;character;x(4);no;Número;Introduzca el múmero;opcional;deliverynotification                              ;                         
API;gcnocab;deliverynotification;obs_noe;notes;character;x(800);no;Observaciones;Introduzca las observaciones;opcional;deliverynotification                              ;                         
API;gcnocab;deliverynotification;ori_noe;origin;character;x;no;Origen;Introduzca el origen;excluido;deliverynotification                              ;                         
API;gcnocab;deliverynotification;pal_noe;vendor_delivery_note_id;character;x(20);no;Num. Albarán Proveedor;Introduzca el número albarán proveedor;obligatorio;deliverynotification                              ;                         
API;gcnocab;deliverynotification;pcli_noe;customer_city;character;x(40);no;Población Cliente;Introduzca la Población Cliente;opcional;deliverynotification                              ;                         
API;gcnocab;deliverynotification;pes_noe;weight;decimal;>,>>>,>>>,>>>,>>>,>>9.99;no;Peso;Introduzca el peso;opcional;deliverynotification                              ;                         
API;gcnocab;deliverynotification;pexp_noe;expedition_city;character;x(40);no;Población Centro Exped.;Introduzca la Población Centro Exped.;opcional;deliverynotification                              ;                         
API;gcnocab;deliverynotification;pob_mer;shipping_city;character;x(30);no;Población;Introduzca la Población;opcional;deliverynotification                              ;                         
API;gcnocab;deliverynotification;pro_amb;vendor_ambit;integer;>>9;no;Ambito Proveedor;Introduzca el Ambito del Proveedor;excluido;deliverynotification                              ;                         
API;gcnocab;deliverynotification;raz_mer;shipping_business_name;character;X(100);no;Razón social;Introduzca la razón social;opcional;deliverynotification                              ;                         
API;gcnocab;deliverynotification;ref_noe;reference;character;x(20);no;Referencia;Introduzca la referencia;opcional;deliverynotification                              ;                         
API;gcnocab;deliverynotification;sit_noe;status;character;x;no;Situación;Introduzca la Situación;excluido;deliverynotification                              ;                         
API;gcnocab;deliverynotification;tcli_noe;customer_phone;character;x(18);no;Teléfono cliente;Introduzca el Teléfono cliente;opcional;deliverynotification                              ;                         
API;gcnocab;deliverynotification;tel_mer;shipping_phone;character;x(18);no;Telefono;Introduzca el Telefono;opcional;deliverynotification                              ;                         
API;gcnocab;deliverynotification;texp_noe;expedition_phone;character;x(18);no;Teléfono Centro Exped.;Introduzca el Teléfono Centro Exped.;opcional;deliverynotification                              ;                         
API;gcnocab;deliverynotification;tra_noe;carrier_name;character;x(30);no;Transportista No Habitual;Introduzca el Transportista No Habitual;opcional;deliverynotification                              ;                         
API;gcnocab;deliverynotification;ucli_noe;customer_id;character;x(4);no;Número cliente;Introduzca el Número cliente;opcional;deliverynotification                              ;                         
API;gcnocab;deliverynotification;uexo_noe;expedition_center_id;character;x(4);no;Número Centro Exped.;introduzca el Número Centro Exped.;opcional;deliverynotification                              ;                         
API;gcnocab;deliverynotification;vol_noe;volume;decimal;>,>>>,>>>,>>>,>>>,>>9.999;no;Volumen;Introduzca el volumen;opcional;deliverynotification                              ;                         
API;gcppcab;purchases_orders;blq_cpp;is_locked;logical;Si/No;no;Bloqueado;¿Bloqueado?;opcional;purchase_orders                                   ;is_locked                
API;gcppcab;purchases_orders;bru_cpp;gross_amount;decimal;>>>,>>>,>>9.99;no;Importe Bruto;Importe Bruto;excluido;purchase_orders                                   ;gross_amount             
API;gcppcab;purchases_orders;can_sas;currency_quantity;integer;>>,>>>,>>9;no;Cantidad;Introduza la cantidad monetaria;excluido;purchase_orders                                   ;quantity                 
API;gcppcab;purchases_orders;char1_al;user_char1;character;X(100);yes;UsrChar1_gcppcab;character1Usr;opcional;purchase_orders                                   ;user_character1          
API;gcppcab;purchases_orders;char2_al;user_char2;character;X(100);yes;UsrChar2_gcppcab;character2Usr;opcional;purchase_orders                                   ;user_character2          
API;gcppcab;purchases_orders;char3_al;user_char3;character;X(100);yes;UsrChar3_gcppcab;character3Usr;opcional;purchase_orders                                   ;user_character3          
API;gcppcab;purchases_orders;char4_al;user_char4;character;X(100);yes;UsrChar4_gcppcab;character4Usr;opcional;purchase_orders                                   ;user_character4          
API;gcppcab;purchases_orders;char5_al;user_char5;character;X(100);yes;UsrChar5_gcppcab;character5Usr;opcional;purchase_orders                                   ;user_character5          
API;gcppcab;purchases_orders;char6_al;user_char6;character;X(100);yes;UsrChar6_gcppcab;character6Usr;opcional;purchase_orders                                   ;user_character6          
API;gcppcab;purchases_orders;char7_al;user_char7;character;X(100);yes;UsrChar7_gcppcab;character7Usr;opcional;purchase_orders                                   ;user_character7          
API;gcppcab;purchases_orders;char8_al;user_char8;character;X(100);yes;UsrChar8_gcppcab;character8Usr;opcional;purchase_orders                                   ;user_character8          
API;gcppcab;purchases_orders;cod_fpg;payment_method_id;integer;999;no;Código Forma Pago;Introduzca la Forma de Pago para este Pedido;opcional;purchase_orders                                   ;payment_method           
API;gcppcab;purchases_orders;cod_pai_m;shipping_country_id;character;X(2);no;Código Pais;Código de País;opcional;purchase_orders                                   ;country                  
API;gcppcab;purchases_orders;cod_pro;vendor_id;integer;9999;no;Código Proveedor;Introduzca el Código de Proveedor;opcional;purchase_orders                                   ;supplier_code            
API;gcppcab;purchases_orders;cod_provi_m;shipping_province_id;integer;99;no;Código Provincia Entrega;Código de la Provincia de la entrega;opcional;purchase_orders                                   ;province                 
API;gcppcab;purchases_orders;cod_sas;currency_id;character;x(3);no;Código Divisa;Introduzca el Código de la Divisa;opcional;purchase_orders                                   ;code                     
API;gcppcab;purchases_orders;cod_tra;carrier_id;integer;>>9;no;Código Transportista;Introduzca el Transportista a Utilizar en este Pedido;opcional;purchase_orders                                   ;code_r_703               
API;gcppcab;purchases_orders;cod_via_m;shipping_street_type;character;X(2);no;Código Via Mercancías;Código de Vía;opcional;purchase_orders                                   ;address                  
API;gcppcab;purchases_orders;dir_mer;shipping_street_name;character;X(55);no;Dirección Entrega;Dirección de Entrega del Pedido;opcional;purchase_orders                                   ;address_r_7              
API;gcppcab;purchases_orders;dpo_mer;shipping_postal_code;integer;99999;no;Distrito Postal;Distrito Postal de la entrega;opcional;purchase_orders                                   ;postal_code              
API;gcppcab;purchases_orders;dtp_cpp;prompt_payment_discount;decimal;->9.99;no;Descuento Pronto Pago;Introduzca +/- % Descuento Pronto Pago del Pedido;opcional;purchase_orders                                   ;special_discount         
API;gcppcab;purchases_orders;ema_mer;shipping_email;character;X(60);no;E-mail;E-mail;opcional;purchase_orders                                   ;email                    
API;gcppcab;purchases_orders;est_cpp;state;character;X(12);no;Estado Pedido 2;Introduzca el Estado del Pedido (A-bierto,C-onfirmado,R-ecepcio;excluido;purchase_orders                                   ;status_r_606             
API;gcppcab;purchases_orders;fax_mer;shipping_fax;character;X(18);no;Fax;Fax de la dirección de entrega;opcional;purchase_orders                                   ;fax                      
API;gcppcab;purchases_orders;fec_cpp;confirmation_date;date;99/99/9999;no;Fecha Confirmación;Introduzca la Fecha de Confirmación del Pedido de Compras;opcional;purchase_orders                                   ;confirmation_date        
API;gcppcab;purchases_orders;fep_cpp;date;date;99/99/9999;no;Fecha Pedido;Introduzca la Fecha del Pedido a Proveedor;opcional;purchase_orders                                   ;order_date               
API;gcppcab;purchases_orders;Id_unico;unique_id;int64;99999999999999999999;no;Id único;;excluido;purchase_orders                                   ;unique_id                
API;gcppcab;purchases_orders;ipor_cpp;shipping_cost;decimal;>>>,>>9.99;no;Portes;Introduzca Importe de Portes;opcional;purchase_orders                                   ;freight_costs            
API;gcppcab;purchases_orders;nom_mer;shipping_business_name2;character;x(55);no;Nombre Entrega;Introduzca el Nombre de la Entrega;opcional;purchase_orders                                   ;name                     
API;gcppcab;purchases_orders;num_cpp;purchase_order_id;integer;9999999;no;Número Pedido Compra;Introduzca el Número del Pedido de Compra;excluido;purchase_orders                                   ;order_number             
API;gcppcab;purchases_orders;num_mer;shipping_street_number;character;X(4);no;Número Via;Número de la via de la entrega;opcional;purchase_orders                                   ;number                   
API;gcppcab;purchases_orders;obs_cpp;notes;character;X(800);no;Observaciones;Introduzca Observaciones del Pedido;opcional;purchase_orders                                   ;notes                    
API;gcppcab;purchases_orders;pob_mer;shipping_city;character;X(30);no;Población;Población de la entrega;opcional;purchase_orders                                   ;city                     
API;gcppcab;purchases_orders;raz_mer;shipping_business_name;character;X(100);no;Razón Social;Introduzca la Razón Social de la Entrega;opcional;purchase_orders                                   ;business_name            
API;gcppcab;purchases_orders;refp_cpp;vendor_reference;character;x(20);no;Referencia Proveedor;Introduzca la Referencia del Proveedor;opcional;purchase_orders                                   ;supplier_reference       
API;gcppcab;purchases_orders;ref_cpp;reference;character;x(20);no;Referencia;Introduzca la Referencia del Pedido a Proveedor;opcional;purchase_orders                                   ;reference                
API;gcppcab;purchases_orders;rfi_cpp;financial_surcharge_rate;decimal;->9.99;no;Recargo Financiero;Recargo Financiero;opcional;purchase_orders                                   ;financial_receipt        
API;gcppcab;purchases_orders;tel_mer;shipping_phone;character;X(18);no;Teléfono Dirección Entrega;Teléfono  de la dirección de entrega;opcional;purchase_orders                                   ;phone_number             
API;gcppcab;purchases_orders;tip_cpp;purchase_type;character;x;no;Tipo;Tipo;opcional;purchase_orders                                   ;type_r_249               
API;gcppimp;taxes;bas_imd;tax_base;decimal;->>>,>>>,>>9.99;no;Base;Introduzca la Base;opcional;purchase_order_taxes                              ;base_amount              
API;gcppimp;taxes;cod_del;branch_id;integer;99;no;Delegación;Intoduzca la delegación;excluido;purchase_order_taxes                              ;branch                   
API;gcppimp;taxes;cod_ent;company_id;integer;99;no;Empresa;Intoduzca la empresa;excluido;purchase_order_taxes                              ;company                  
API;gcppimp;taxes;imp_imd;tax_amount;decimal;->>>,>>>,>>9.99;no;Importe;Introduzca el Importe;opcional;purchase_order_taxes                              ;amount                   
API;gcppimp;taxes;por_imd;tax_rate;decimal;->9.999999;no;Porcentaje;Introduzca el Porcentaje;opcional;purchase_order_taxes                              ;percentage               
API;gcpplin;lines;anu_lpp;is_cancelled;logical;Si/No;no;Anulado;Anulado;opcional;purchase_order_lines                              ;                         
API;gcpplin;lines;art_amb;product_ambit;integer;>>9;no;Ambito Artículo;Introduzca el Ambito del Articulo;opcional;purchase_order_lines                              ;scope                    
API;gcpplin;lines;ati_lpp;is_atypical_operation;logical;S/N;no;Operación Atípica;Introduzca (S/N) Es Operación Atípica;opcional;purchase_order_lines                              ;atypical_operation       
API;gcpplin;lines;cam_lpp;campaign;character;x(20);no;Campaña;;opcional;purchase_order_lines                              ;campaign                 
API;gcpplin;lines;cba_lpp;barcode;character;x(26);no;Código Barras;Código de Barras de Artículos Genéricos;opcional;purchase_order_lines                              ;barcode                  
API;gcpplin;lines;cer_lpp;is_closed;logical;S/N;no;Servida;Introduzca (S/N) Está Servida la Línea;opcional;purchase_order_lines                              ;delivered                
API;gcpplin;lines;char1_al;user_char1;character;x(100);yes;UsrChar1_gcpplin;character1Usr;opcional;purchase_order_lines                              ;user_character1          
API;gcpplin;lines;char2_al;user_char2;character;x(100);yes;UsrChar2_gcpplin;character2Usr;opcional;purchase_order_lines                              ;user_character2          
API;gcpplin;lines;char3_al;user_char3;character;x(100);yes;UsrChar3_gcpplin;character3Usr;opcional;purchase_order_lines                              ;user_character3          
API;gcpplin;lines;char4_al;user_char4;character;x(100);yes;UsrChar4_gcpplin;character4Usr;opcional;purchase_order_lines                              ;user_character4          
API;gcpplin;lines;char5_al;user_char5;character;x(100);yes;UsrChar5_gcpplin;character5Usr;opcional;purchase_order_lines                              ;user_character5          
API;gcpplin;lines;char6_al;user_char6;character;x(100);yes;UsrChar6_gcpplin;character6Usr;opcional;purchase_order_lines                              ;user_character6          
API;gcpplin;lines;char7_al;user_char7;character;x(100);yes;UsrChar7_gcpplin;character7Usr;opcional;purchase_order_lines                              ;user_character7          
API;gcpplin;lines;char8_al;user_char8;character;x(100);yes;UsrChar8_gcpplin;character8Usr;opcional;purchase_order_lines                              ;user_character8          
API;gcpplin;lines;cod_art;product_id;character;x(24);no;Código Artículo;Introduzca el Código del Artículo;obligatorio;purchase_order_lines                              ;item_code                
API;gcpplin;lines;cod_del;branch_id;integer;99;no;Código Delegación;Intoduzca la delegación;excluido;purchase_order_lines                              ;company                  
API;gcpplin;lines;cod_ent;company_id;integer;99;no;Código Empresa;Intoduzca la empresa;excluido;purchase_order_lines                              ;company_id               
API;gcpplin;lines;cod_gco;purchasing_group_id;character;x(28);no;Artículo Grupo Compra;;opcional;purchase_order_lines                              ;item_purchase_group      
API;gcpplin;lines;cod_iva;vat_id;integer;>9;no;Código IVA;Introduzca el Código de IVA;opcional;purchase_order_lines                              ;code                     
API;gcpplin;lines;cod_mar;brand_id;integer;Z999;no;Código Marca;Introduzca el Código de la Marca;opcional;purchase_order_lines                              ;brand_code               
API;gcpplin;lines;cod_nec;need_id;integer;9999999;no;Número Necesidad;Número de Necesidad;opcional;purchase_order_lines                              ;requirement_number       
API;gcpplin;lines;cod_part;detail_id;integer;9999999;no;Código Detalle;Código Detalle;opcional;purchase_order_lines                              ;detail_code              
API;gcpplin;lines;cod_prc;purchase_proposal_id;integer;9999999;no;Código Propuesta de Compra;Propuesta de Compra;opcional;purchase_order_lines                              ;purchase_proposal        
API;gcpplin;lines;cod_uea;packing_unit_id;character;X(2);no;Código Unidad de Embalaje;Introduzca la Unidad de Embalaje;opcional;purchase_order_lines                              ;packaging_unit           
API;gcpplin;lines;cod_um_p;measurement_unit_weight;character;x(2);no;Unidad Medida Peso;Unidad de Medida del Peso;opcional;purchase_order_lines                              ;unit_of_measure_weight   
API;gcpplin;lines;cod_um_v;measurement_unit_volume;character;x(2);no;Unidad Medida Volumen;Unidad de Medida del Volumen;opcional;purchase_order_lines                              ;volume_unit              
API;gcpplin;lines;cpe_lpp;ordered_quantity;decimal;->,>>>,>>9.99;no;Cantidad Pedida;Introduzca la Cantidad a Pedir;obligatorio;purchase_order_lines                              ;ordered_quantity         
API;gcpplin;lines;cse_lpp;served_quantity;decimal;>,>>>,>>9.99;no;Cantidad Servida;Introduzca la Cantidad Servida;opcional;purchase_order_lines                              ;quantity_delivered       
API;gcpplin;lines;ctl_lpp;product_code_corporative;character;x(20);no;Código Telematel;Introduzca el Código Coorp/Tel;opcional;purchase_order_lines                              ;company_phone            
API;gcpplin;lines;cuea_lpp;packing_unit_quantity;decimal;>>>,>>9.99;no;Cantidad Unidad Embalaje;Introduzca Cantidad de Unidad de Embalaje.;opcional;purchase_order_lines                              ;                         
API;gcpplin;lines;dec1_al;user_dec1;decimal;->>,>>>,>>9.999;yes;UsrDec1_gcpplin;decimal1Usr;excluido;purchase_order_lines                              ;user_decimal1            
API;gcpplin;lines;dec2_al;user_dec2;decimal;->>,>>>,>>9.999;yes;UsrDec2_gcpplin;decimal2Usr;opcional;purchase_order_lines                              ;decimal_to_user          
API;gcpplin;lines;dec3_al;user_dec3;decimal;->>,>>>,>>9.999;yes;UsrDec3_gcpplin;decimal3Usr;opcional;purchase_order_lines                              ;user_decimal3            
API;gcpplin;lines;dec4_al;user_dec4;decimal;->>,>>>,>>9.999;yes;UsrDec4_gcpplin;decimal4Usr;opcional;purchase_order_lines                              ;user_decimal4            
API;gcpplin;lines;dec5_al;user_dec5;decimal;->>,>>>,>>9.999;yes;UsrDec5_gcpplin;decimal5Usr;opcional;purchase_order_lines                              ;user_decimal5            
API;gcpplin;lines;dec6_al;user_dec6;decimal;->>,>>>,>>9.999;yes;UsrDec6_gcpplin;decimal6Usr;opcional;purchase_order_lines                              ;user_decimal6            
API;gcpplin;lines;dell_lpp;extended_description;character;X(800);no;Descripción Ampliada;Descripción Ampliada;opcional;purchase_order_lines                              ;extended_description     
API;gcpplin;lines;del_ned;need_branch_id;integer;99;no;Código Delegación;Delegación;opcional;purchase_order_lines                              ;branch                   
API;gcpplin;lines;dep_lpp;description;character;x(800);no;Descripción;Introduzca la Descripción;opcional;purchase_order_lines                              ;description              
API;gcpplin;lines;dt1_lpp;discount_1;decimal;->9.99;no;Descuento Primero;Introduzca el % de Dtos. de Compra;opcional;purchase_order_lines                              ;first_discount           
API;gcpplin;lines;dt2_lpp;discount_2;decimal;->9.99;no;Descuento Segundo;Introduzca el % de Dtos. de Compra;opcional;purchase_order_lines                              ;second_discount          
API;gcpplin;lines;dt3_lpp;discount_3;decimal;->9.99;no;Descuento Tercero;Introduzca el % de Dtos. de Compra;opcional;purchase_order_lines                              ;third_party_discount     
API;gcpplin;lines;eco_lpp;full_delivery;logical;yes/no;no;Entrega Completa;;opcional;purchase_order_lines                              ;complete_delivery        
API;gcpplin;lines;edi1_al;user_edi1;character;x(1000);yes;UsrEdi1_gcpplin;editor1Usr;opcional;purchase_order_lines                              ;editor1user              
API;gcpplin;lines;edi2_al;user_edi2;character;x(1000);yes;UsrEdi2_gcpplin;editor2Usr;opcional;purchase_order_lines                              ;usereditor2              
API;gcpplin;lines;edi_lpp;comments;character;x(1000);no;Comentarios;Comentarios;opcional;purchase_order_lines                              ;comments                 
API;gcpplin;lines;fec1_al;user_date1;date;99/99/9999;yes;UsrFec1_gcpplin;fecha1Usr;opcional;purchase_order_lines                              ;date1user                
API;gcpplin;lines;fec2_al;user_date2;date;99/99/9999;yes;UsrFec2_gcpplin;fecha2Usr;opcional;purchase_order_lines                              ;user_date2               
API;gcpplin;lines;fec3_al;user_date3;date;99/99/9999;yes;UsrFec3_gcpplin;fecha3Usr;opcional;purchase_order_lines                              ;user_date3               
API;gcpplin;lines;fee_lpp;delivery_date;date;99/99/9999;no;Fecha Entrega;Introduzca la Fecha de Entrega de la Linea del Pedido Compra;opcional;purchase_order_lines                              ;delivery_date            
API;gcpplin;lines;fei_lpp;initial_delivery_date;date;99/99/9999;no;Fecha Inicial Entrega;Fecha Inicial de Entrega;opcional;purchase_order_lines                              ;delivery_start_date      
API;gcpplin;lines;itas_lpp;tax_amount;decimal;->,>>>,>>9.999;no;Importe Tasa;Importe Tasa;opcional;purchase_order_lines                              ;tax_amount               
API;gcpplin;lines;lin_lpp;line_number;integer;999;no;Número Linea;Introduzca el Numero de la Linea del Pedido de Compra;opcional;purchase_order_lines                              ;line_number              
API;gcpplin;lines;nom_mar;brand_name;character;;no;Nombre Marca;;opcional;purchase_order_lines                              ;                         
API;gcpplin;lines;num_cpp;purchase_order_id;integer;9999999;no;Pedido Compra;Introduzca el Número del Pedido de Compra;excluido;purchase_order_lines                              ;order_number             
API;gcpplin;lines;obs_lpp;notes;character;x(200);no;Observacines Grupo Compra;;opcional;purchase_order_lines                              ;purchase_group_notes     
API;gcpplin;lines;odt_lpp;discount_origin;character;X(8);no;Origen Descuentos;Introduzca Origen de los dtos.;opcional;purchase_order_lines                              ;discount_origin          
API;gcpplin;lines;ord_lpp;line_order;integer;999;no;Número Orden;Introduzca el Numero de orden del Pedido de Compra;opcional;purchase_order_lines                              ;line_number_r_650        
API;gcpplin;lines;ori_lpp;price_origin;character;X(8);no;Origen;Introduzca el Origen de la linea.;opcional;purchase_order_lines                              ;origin                   
API;gcpplin;lines;pes_lpp;weight;decimal;>,>>>,>>>,>>>,>>>,>>9.99;no;Peso;Peso;opcional;purchase_order_lines                              ;weight                   
API;gcpplin;lines;pre_lpp;price;decimal;>,>>>,>>9.999;no;Precio Compra;Introduzca el Precio de Compra;opcional;purchase_order_lines                              ;purchase_price           
API;gcpplin;lines;ref_lpp;product_reference;character;X(24);no;Referencia Fabricante;Introduzca Referencia del Fabricante para el Artículo;obligatorio;purchase_order_lines                              ;manufacturer_reference   
API;gcpplin;lines;sub_part;is_subcontracted_item;logical;Si/No;no;Partida Subcontratada;Partida Subcontratada;opcional;purchase_order_lines                              ;subcontracted_item       
API;gcpplin;lines;tas_lpp;has_tax;logical;S/N;no;Tasa;Tasa de Reciclaje;opcional;purchase_order_lines                              ;rate                     
API;gcpplin;lines;tbd_lpp;line_type;character;x;no;Tipo Linea;Tipo de Linea A-> Artículo E->B.D. T->Texto S->Servicio;obligatorio;purchase_order_lines                              ;line_type                
API;gcpplin;lines;vol_lpp;volume;decimal;>,>>>,>>>,>>>,>>>,>>9.999;no;Volumen;Volumen;opcional;purchase_order_lines                              ;                         
API;gcvincul;purchases_orders_links;ane_pre;annex;integer;99;no;Anexo;Anexo;opcional;links                                             ;attachment               
API;gcvincul;purchases_orders_links;char1_al;user_char1;character;x(100);yes;UsrChar1_gcvincul;character1Usr;opcional;links                                             ;user_character1          
API;gcvincul;purchases_orders_links;char2_al;user_char2;character;x(100);yes;UsrChar2_gcvincul;character2Usr;opcional;links                                             ;user_character2          
API;gcvincul;purchases_orders_links;char3_al;user_char3;character;x(100);yes;UsrChar3_gcvincul;character3Usr;opcional;links                                             ;user_character3          
API;gcvincul;purchases_orders_links;char4_al;user_char4;character;x(100);yes;UsrChar4_gcvincul;character4Usr;opcional;links                                             ;user_character4          
API;gcvincul;purchases_orders_links;char5_al;user_char5;character;x(100);yes;UsrChar5_gcvincul;character5Usr;opcional;links                                             ;user_character5          
API;gcvincul;purchases_orders_links;char6_al;user_char6;character;x(100);yes;UsrChar6_gcvincul;character6Usr;opcional;links                                             ;user_character6          
API;gcvincul;purchases_orders_links;char7_al;user_char7;character;x(100);yes;UsrChar7_gcvincul;character7Usr;opcional;links                                             ;user_character7          
API;gcvincul;purchases_orders_links;char8_al;user_char8;character;x(100);yes;UsrChar8_gcvincul;character8Usr;opcional;links                                             ;user_character8          
API;gcvincul;purchases_orders_links;codh_obe;folder_work_id;integer;9999999;no;Identificador;Identificador único del Capítulo dentro de la Obra;opcional;links                                             ;identifier               
API;gcvincul;purchases_orders_links;cod_acto;activity_id;integer;9999;no;Actividad;Actividad;opcional;links                                             ;activity                 
API;gcvincul;purchases_orders_links;cod_avis;notice_id;integer;9999999;no;Nº de Aviso;Número de Aviso;opcional;links                                             ;notification_number      
API;gcvincul;purchases_orders_links;cod_cli;customer_id;integer;99999;no;Cliente;Cliente;opcional;links                                             ;customer                 
API;gcvincul;purchases_orders_links;cod_obr;work_id;integer;999999999;no;Nº Documento Obra;Obra;opcional;links                                             ;project                  
API;gcvincul;purchases_orders_links;cod_pre;budget_id;integer;9999999;no;Prespuesto;Código de Presupuesto;opcional;links                                             ;estimate                 
API;gcvincul;purchases_orders_links;cod_sac;subactivity_id;integer;9999;no;Subactividad;SubActividad;opcional;links                                             ;subactivity              
API;gcvincul;purchases_orders_links;cod_uea;packing_unit_id;character;X(2);no;Embalaje;Unidad de Embalaje;opcional;links                                             ;packaging_unit           
API;gcvincul;purchases_orders_links;cuea_vin;link_quantity;decimal;>,>>>,>>9.99;no;Cant. Vinculada;Cantidad Vinculada;opcional;links                                             ;linked_quantity          
API;gcvincul;purchases_orders_links;dec1_al;user_dec1;decimal;->>,>>>,>>9.999;yes;UsrDec1_gcvincul;decimal1Usr;opcional;links                                             ;user_decimal1            
API;gcvincul;purchases_orders_links;dec2_al;user_dec2;decimal;->>,>>>,>>9.999;yes;UsrDec2_gcvincul;decimal2Usr;opcional;links                                             ;decimal_to_user          
API;gcvincul;purchases_orders_links;dec3_al;user_dec3;decimal;->>,>>>,>>9.999;yes;UsrDec3_gcvincul;decimal3Usr;opcional;links                                             ;user_decimal3            
API;gcvincul;purchases_orders_links;dec4_al;user_dec4;decimal;->>,>>>,>>9.999;yes;UsrDec4_gcvincul;decimal4Usr;opcional;links                                             ;user_decimal4            
API;gcvincul;purchases_orders_links;dec5_al;user_dec5;decimal;->>,>>>,>>9.999;yes;UsrDec5_gcvincul;decimal5Usr;opcional;links                                             ;user_decimal5            
API;gcvincul;purchases_orders_links;dec6_al;user_dec6;decimal;->>,>>>,>>9.999;yes;UsrDec6_gcvincul;decimal6Usr;opcional;links                                             ;user_decimal6            
API;gcvincul;purchases_orders_links;edi1_al;user_edi1;character;x(1000);yes;UsrEdi1_gcvincul;editor1Usr;opcional;links                                             ;editor1user              
API;gcvincul;purchases_orders_links;edi2_al;user_edi2;character;x(1000);yes;UsrEdi2_gcvincul;editor2Usr;opcional;links                                             ;usereditor2              
API;gcvincul;purchases_orders_links;fec1_al;user_date1;date;99/99/9999;yes;UsrFec1_gcvincul;fecha1Usr;opcional;links                                             ;date1user                
API;gcvincul;purchases_orders_links;fec2_al;user_date2;date;99/99/9999;yes;UsrFec2_gcvincul;fecha2Usr;opcional;links                                             ;user_date2               
API;gcvincul;purchases_orders_links;fec3_al;user_date3;date;99/99/9999;yes;UsrFec3_gcvincul;fecha3Usr;opcional;links                                             ;user_date3               
API;gcvincul;purchases_orders_links;lin_lpp;line_number;integer;9999;no;Nº Linea;Nº Linea Pedido de Compra;obligatorio;links                                             ;line_number              
API;gcvincul;purchases_orders_links;num_cpp;purchase_order_id;integer;9999999;no;Pedido Compra;Nº Pedido de Compra;excluido;links                                             ;order                    
API;gcvincul;purchases_orders_links;tip_vin;link_type;character;X;no;Tipo Vinculación;Tipo Vinculación;opcional;links                                             ;linking_type             
API;gcvincul;purchases_orders_links;ver_pre;version;integer;99;no;Versión;Versión;opcional;links                                             ;version                  
API;gmbanmov;bankmovement;asi_mov;accounting_entry_id;integer;zzzzzz9;no;Asiento;Introduzca el Número del Asiento;excluido;bank_movements                                    ;accounting_entry_id      
API;gmbanmov;bankmovement;cex_mov;statement_concept;character;x(100);no;Concepto Extracto;Introduzca el Concepto del Extracto;opcional;bank_movements                                    ;statement_concept        
API;gmbanmov;bankmovement;cod_ban;bank_id;integer;>>>9;no;Cód.Banco;Introduzca el Código de Banco;obligatorio;bank_movements                                    ;bank_id                  
API;gmbanmov;bankmovement;cod_del;branch_id;integer;99;no;Delegación;Intoduzca la delegación;opcional;bank_movements                                    ;branch_id                
API;gmbanmov;bankmovement;cod_ent;company_id;integer;9;no;Empresa;Intoduzca la empresa;opcional;bank_movements                                    ;company_id               
API;gmbanmov;bankmovement;cod_mpag;payment_method;integer;99;no;Modo de Pago;Modo de Pago;opcional;bank_movements                                    ;payment_method           
API;gmbanmov;bankmovement;cod_pro;creditor_id;integer;9999;no;Acreedor;Introduzca el Código de Acreedor;opcional;bank_movements                                    ;vendor_id                
API;gmbanmov;bankmovement;cod_usu;user_id;character;x(8);no;Usuario;Código del Usuario;excluido;bank_movements                                    ;user_id                  
API;gmbanmov;bankmovement;com_mov;comments;character;x(100);no;Comentario;Introduzca el Comentario;opcional;bank_movements                                    ;comments                 
API;gmbanmov;bankmovement;ctb_mov;accounted;logical;yes/no;no;Contabilizado;Contabilizado;excluido;bank_movements                                    ;accounted                
API;gmbanmov;bankmovement;ctr_mov;counterpart;character;x(12);no;Contrapartida;Introduzca la Contrapartida;opcional;bank_movements                                    ;counterpart              
API;gmbanmov;bankmovement;des_mov;movement_description;character;x(100);no;Descripción;Descripción del Movimiento;opcional;bank_movements                                    ;movement_description     
API;gmbanmov;bankmovement;doc_mov;document_id;integer;9999999;no;Documento;Nº de documento;opcional;bank_movements                                    ;document_id              
API;gmbanmov;bankmovement;efc_ppg;bill_id;integer;99;no;Nº Efecto;Introduzca el Nº de Efecto;opcional;bank_movements                                    ;bill_id                  
API;gmbanmov;bankmovement;est_mov;movement_state;character;x;no;Estado;Estado del movimiento;excluido;bank_movements                                    ;movement_state           
API;gmbanmov;bankmovement;fea_mov;creation_date;datetime;99/99/9999 HH:MM:SS;no;Fecha Alta Mov.;Fecha de Alta del Movimiento;excluido;bank_movements                                    ;creation_date            
API;gmbanmov;bankmovement;fec_mov;movement_date;date;99/99/9999;no;Fecha Mov.;Introduzca la Fecha del Movimiento;obligatorio;bank_movements                                    ;movement_date            
API;gmbanmov;bankmovement;fga_mov;generate_expense_invoice;logical;yes/no;no;Generar Factura de Gastos;Generar Factura de Gastos;opcional;bank_movements                                    ;generate_expense_invoice 
API;gmbanmov;bankmovement;fva_mov;value_date;date;99/99/9999;no;Fecha Valor;Fecha de Valor del Movimiento;opcional;bank_movements                                    ;value_date               
API;gmbanmov;bankmovement;fvt_ppg;due_date;date;99/99/9999;no;Fecha Vto.;Introduzca la Fecha de Vencimiento;opcional;bank_movements                                    ;due_date                 
API;gmbanmov;bankmovement;gas_mov;expenses_amount;decimal;->>,>>>,>>9.99;no;Gastos;Introduzca el Importe de los Gastos;opcional;bank_movements                                    ;expenses_amount          
API;gmbanmov;bankmovement;gim_mov;unpaid_expenses;character;x;no;Gastos Impagados;Gastos Impagados;opcional;bank_movements                                    ;unpaid_expenses          
API;gmbanmov;bankmovement;gin_mov;expenses_included;logical;yes/no;no;Gastos Incluidos;Gastos Incluidos en el Movimiento;opcional;bank_movements                                    ;expenses_included        
API;gmbanmov;bankmovement;gom_mov;other_movement_expenses;logical;yes/no;no;Gasto de otro movimiento;Gasto de otro movimiento;opcional;bank_movements                                    ;other_movement_expenses  
API;gmbanmov;bankmovement;Id_unico;unique_id;int64;99999999999999999999;no;Id único;;excluido;bank_movements                                    ;unique_id                
API;gmbanmov;bankmovement;iex_mov;statement_amount;decimal;->>>,>>>,>>9.99;no;Importe Extracto;Introduzca el Importe del Extracto;obligatorio;bank_movements                                    ;statement_amount         
API;gmbanmov;bankmovement;imp_fac;expense_invoice_amount;decimal;->>>,>>>,>>9.99;no;Importe Factura;Introduzca Importe Factura;opcional;bank_movements                                    ;expense_invoice_amount   
API;gmbanmov;bankmovement;imp_mov;movement_amount;decimal;->>>,>>>,>>9.99;no;Importe Movimiento;Introduzca el Importe del Movimiento;opcional;bank_movements                                    ;movement_amount          
API;gmbanmov;bankmovement;nom_fis;name;character;x(100);no;Razón Social;Introduzca el Nombre Fiscal;opcional;bank_movements                                    ;name                     
API;gmbanmov;bankmovement;numr_mov;related_movement_id;integer;9999999;no;Nº Mov. relacionado;Nº de movimiento relacionado;opcional;bank_movements                                    ;related_movement_id      
API;gmbanmov;bankmovement;num_fac;invoice_id;integer;999999999;no;Número Factura;Introduzca el Número de Factura;opcional;bank_movements                                    ;invoice_id               
API;gmbanmov;bankmovement;num_mov;movement_id;integer;9999999;no;Nº Movimiento;Introduzca el Número del Movimiento;opcional;bank_movements                                    ;movement_id              
API;gmbanmov;bankmovement;pro_amb;vendor_ambit;integer;>>9;no;Ambito;Introduzca el Ambito del Proveedor;opcional;bank_movements                                    ;vendor_ambit             
API;gmbanmov;bankmovement;ref2_mov;reference_2;character;x(40);no;Referencia 2;Referencia 2 del Movimiento;opcional;bank_movements                                    ;reference_2              
API;gmbanmov;bankmovement;ref_mov;reference;character;x(40);no;Referencia;Referencia del Movimiento;opcional;bank_movements                                    ;reference                
API;gmbanmov;bankmovement;tip_mov;movement_type;character;x(1);no;Tipo Mov.;;opcional;bank_movements                                    ;movement_type            
API;gmclien;customers;adj_cli;has_attachments;logical;Si/no;no;Documentos Adjuntos;Documento Adjunto;opcional;customer                                          ;has_attachments          
API;gmclien;customers;adm_cli;is_public_administration;logical;si/no;no;Administracion o Empresa;Identifica si es: Administración Pública/Empresa privada;opcional;customer                                          ;is_public_administration 
API;gmclien;customers;aut_cli;has_self_invoicing;logical;yes/no;no;Autofactura;;opcional;customer                                          ;has_self_invoicing       
API;gmclien;customers;blqg_cli;is_locked;character;X(1);no;Bloqueado General;¿Cliente Bloqueado General?;opcional;customer                                          ;is_locked                
API;gmclien;customers;cant_cli;account_advance_payment;character;x(25);no;Cuenta Contable Anticipo;Cta Anticipo del Cliente;opcional;customer                                          ;account_advance_payment  
API;gmclien;customers;cczs_cli;has_shared_contacts_by_zone;logical;Si/No;no;Contactos Comunes por Zona/Sub;Contactos comunes de las direcciones de envío  por Zona/Subzona;opcional;customer                                          ;has_shared_contacts_by_zo
API;gmclien;customers;cdc_cli;account_doubtful_receivables;character;x(12);no;Cuenta Contable Dudoso Cobro;Cta. Dudoso Cobro;opcional;customer                                          ;account_doubtful_receivab
API;gmclien;customers;cec_cli;account_trade_receivables;character;x(25);no;Cuenta Contable Efectos;Introduzca el Código de Cuenta de Efectos Comerc. en Cartera;obligatorio;customer                                          ;account_trade_receivables
API;gmclien;customers;cei_cli;account_unpaid_bills;character;x(25);no;Cta Contable Efectos Impagados;Introduzca la Cta. de Efectos Impagados.;obligatorio;customer                                          ;account_unpaid_bills     
API;gmclien;customers;cgc_cli;account_trade_receivables_in_management;character;x(25);no;Cta. Efec Comerc Gestión Cobro;Introduzca la Cta. de Efectos Comerc. en Gestión de Cobro;obligatorio;customer                                          ;account_trade_receivables
API;gmclien;customers;char1_al;user_char1-2;character;X(100);yes;UsrChar1_gmclien;character1Usr;opcional;customer                                          ;user_char1               
API;gmclien;customers;char2_al;user_char2-2;character;X(100);yes;UsrChar2_gmclien;character2Usr;opcional;customer                                          ;user_char2               
API;gmclien;customers;char3_al;user_char3-2;character;X(100);yes;UsrChar3_gmclien;character3Usr;opcional;customer                                          ;user_char3               
API;gmclien;customers;char4_al;user_char4-2;character;X(100);yes;UsrChar4_gmclien;character4Usr;opcional;customer                                          ;user_char4               
API;gmclien;customers;char5_al;user_char5-2;character;X(100);yes;UsrChar5_gmclien;character5Usr;opcional;customer                                          ;user_char5               
API;gmclien;customers;char6_al;user_char6-2;character;X(100);yes;UsrChar6_gmclien;character6Usr;opcional;customer                                          ;user_char6               
API;gmclien;customers;char7_al;user_char7-2;character;X(100);yes;UsrChar7_gmclien;character7Usr;opcional;customer                                          ;user_char7               
API;gmclien;customers;char8_al;user_char8-2;character;X(100);yes;UsrChar8_gmclien;character8Usr;opcional;customer                                          ;user_char8               
API;gmclien;customers;cif_cli;vat_number;character;X(18);no;C.I.F.;Introduzca el C.I.F. / D.N.I. del Cliente;obligatorio;customer                                          ;vat_number               
API;gmclien;customers;cli_amb;customer_ambit;integer;>>9;no;Ambito Cliente;Introduzca el ambito del cliente;opcional;customer                                          ;customer_ambit           
API;gmclien;customers;coc_cli;purchasing_group_commission;decimal;999.99;no;Comisión Grupo de Compra;Comisión Grupo de Compra;opcional;customer                                          ;purchasing_group_commissi
API;gmclien;customers;cod_cgd;default_attachment_id;integer;9999999;no;Contador;Contador Documento;opcional;customer                                          ;default_attachment_id    
API;gmclien;customers;cod_cli;customer_id;integer;99999;no;Código Cliente;Introduzca el Código de Cliente;excluido;customer                                          ;customer_id              
API;gmclien;customers;cod_ggc;group_id;integer;99;no;Código Grupo Gestión;Introduzca Código de Grupo de Gestión de Cliente;opcional;customer                                          ;group_id                 
API;gmclien;customers;cod_pai;country_id;character;x(2);no;Código País;Introduzca el Código de País del Cliente;obligatorio;customer                                          ;country_id               
API;gmclien;customers;cod_provi;province_id;integer;99;no;Código Provincia;Introduzca el Código de la Provincia;obligatorio;customer                                          ;province_id              
API;gmclien;customers;cod_sgc;subgroup_id;integer;99;no;Suggrupo Gestión Clientes;Introduzca Código Subgrupo de Gestión de Clientes;opcional;customer                                          ;subgroup_id              
API;gmclien;customers;cod_tto;treatment_id;character;x(4);no;Código Tratamiento;Introduzca el tratamiento;opcional;customer                                          ;treatment_id             
API;gmclien;customers;cod_usu;user_id;character;x(8);no;Usuario;Introduzca el Login (identificación) del Usuario;opcional;customer                                          ;user_id                  
API;gmclien;customers;cod_via;street_type;character;X(2);no;Via;Introduzca Sigla de la vía pública;opcional;customer                                          ;street_type              
API;gmclien;customers;cpi_cli;account_insolvency_provision;character;x(12);no;Cta. Contable Prev Insolvencia;Cta. Prev. Insolvencias;opcional;customer                                          ;account_insolvency_provis
API;gmclien;customers;cre_cli;account_tax_retention;character;x(25);no;Cuenta Contable Retenciones;Introduzca la Cta. Contable para Retenciones;obligatorio;customer                                          ;account_tax_retention    
API;gmclien;customers;ctac_cli;account_auxiliar;character;x(25);no;Cuenta Cliente Complementaria;Introduzca Cuenta Cliente;opcional;customer                                          ;account_auxiliar         
API;gmclien;customers;ctad_cli;account_customer_currency;character;x(25);no;Cuenta Cliente en Divisa;Introduzca la Cuenta Cliente Divisa;opcional;customer                                          ;account_customer_currency
API;gmclien;customers;cta_cli;account_accounting;character;x(25);no;Cuenta Contable Cliente;Introduzca el Código de Cuenta Contable del Cliente;obligatorio;customer                                          ;account_accounting       
API;gmclien;customers;cte_cli;account_deducted_bills;character;x(25);no;Cuenta Contable Efectos Descon;Introduzca Cta, de efectos descontados;obligatorio;customer                                          ;account_deducted_bills   
API;gmclien;customers;ctl_cli;account_cash;character;x(25);no;Cuenta Contable Contado;Introduzca la Cuenta Contado Utilizada por el Cliente;obligatorio;customer                                          ;account_cash             
API;gmclien;customers;cxdv_cli;account_sales_returns;character;x(25);no;Cta Contable Devolución Ventas;Introduzca la Cuenta de Devolución Ventas;opcional;customer                                          ;account_sales_returns    
API;gmclien;customers;cxi_cli;account_customer_tax;character;x(25);no;Cuenta Contable Iva Cliente;Introduzca la Cta. de Iva del Cliente;opcional;customer                                          ;account_customer_tax     
API;gmclien;customers;cxpp_cli;account_prompt_payment;character;x(25);no;Cuenta Contable Pronto Pago;Introduzca la Cta. Contable para Pronto Pago;opcional;customer                                          ;account_prompt_payment   
API;gmclien;customers;cxp_cli;account_shipping_costs;character;x(25);no;Cuenta Contable Portes;Introduzca la Cta. de Portes;opcional;customer                                          ;account_shipping_costs   
API;gmclien;customers;cxrf_cli;account_financial_surcharge;character;x(25);no;Cta Contable Recargo Financier;Introduzca Cta. Recargo Financiero.;opcional;customer                                          ;account_financial_surchar
API;gmclien;customers;cxrq_cli;account_sales_equalization_tax;character;x(25);no;Cta. Contable Recargo Equivale;Introduzca Cta. para el Req.;opcional;customer                                          ;account_sales_equalizatio
API;gmclien;customers;cxr_cli;account_rappel;character;x(25);no;Cuenta Contable Rappel;Introduzca la Cta. Contable de Rappel;opcional;customer                                          ;account_rappel           
API;gmclien;customers;cxv_cli;account_sales;character;x(25);no;Cuenta Contable Ventas;Introduzca la Cta. Contable de Ventas;opcional;customer                                          ;account_sales            
API;gmclien;customers;dec1_al;user_dec1-2;decimal;->>,>>>,>>9.999;yes;UsrDec1_gmclien;decimal1Usr;opcional;customer                                          ;user_dec1                
API;gmclien;customers;dec2_al;user_dec2-2;decimal;->>,>>>,>>9.999;yes;UsrDec2_gmclien;decimal2Usr;opcional;customer                                          ;user_dec2                
API;gmclien;customers;dec3_al;user_dec3-2;decimal;->>,>>>,>>9.999;yes;UsrDec3_gmclien;decimal3Usr;opcional;customer                                          ;user_dec3                
API;gmclien;customers;dec4_al;user_dec4-2;decimal;->>,>>>,>>9.999;yes;UsrDec4_gmclien;decimal4Usr;opcional;customer                                          ;user_dec4                
API;gmclien;customers;dec5_al;user_dec5-2;decimal;->>,>>>,>>9.999;yes;UsrDec5_gmclien;decimal5Usr;opcional;customer                                          ;user_dec5                
API;gmclien;customers;dec6_al;user_dec6-2;decimal;->>,>>>,>>9.999;yes;UsrDec6_gmclien;decimal6Usr;opcional;customer                                          ;user_dec6                
API;gmclien;customers;dir_cli;street_name;character;x(55);no;Dirección;Introduzca la Dirección del Cliente;obligatorio;customer                                          ;street_name              
API;gmclien;customers;dpo_cli;postal_code;integer;99999;no;Distrito Postal;Introduzca el Distrito Postal del Cliente;opcional;customer                                          ;postal_code              
API;gmclien;customers;ebo_cli;send_newsletter;logical;S/N;no;Emitir Boletines;Emitir Boletines;opcional;customer                                          ;send_newsletter          
API;gmclien;customers;edi1_al;user_edi1-2;character;X(1000);yes;UsrEdi1_gmclien;editor1Usr;opcional;customer                                          ;user_edi1                
API;gmclien;customers;edi2_al;user_edi2-2;character;X(1000);yes;UsrEdi2_gmclien;editor2Usr;opcional;customer                                          ;user_edi2                
API;gmclien;customers;envf_cli;send_invoices;logical;Si/No;no;Enviar Factura;;opcional;customer                                          ;send_invoices            
API;gmclien;customers;ext_cli;is_foreign;logical;Si/No;no;Extranjero;Cliente Extranjero;opcional;customer                                          ;is_foreign               
API;gmclien;customers;fea_cli;creation_date;date;99/99/9999;no;Fecha Alta Cliente;Introduzca la Fecha de Alta del Cliente;opcional;customer                                          ;creation_date            
API;gmclien;customers;fec1_al;user_fec1-2;date;99/99/9999;yes;UsrFec1_gmclien;fecha1Usr;opcional;customer                                          ;user_fec1                
API;gmclien;customers;fec2_al;user_fec2-2;date;99/99/9999;yes;UsrFec2_gmclien;fecha2Usr;opcional;customer                                          ;user_fec2                
API;gmclien;customers;fec3_al;user_fec3-2;date;99/99/9999;yes;UsrFec3_gmclien;fecha3Usr;opcional;customer                                          ;user_fec3                
API;gmclien;customers;fmo_cli;last_modified_date;date;99/99/9999;no;Fecha Última Modificación;;opcional;customer                                          ;last_modified_date       
API;gmclien;customers;Id_unico;unique_id;Int64;99999999999999999999;no;Identificador Único;;opcional;customer                                          ;unique_id                
API;gmclien;customers;igf_cli;request_print_fluorinated_gas;logical;yes/no;no;Pedir Impresión Doc. Gas Fluor;;opcional;customer                                          ;request_print_fluorinated
API;gmclien;customers;mdel_cli;is_invoiced_at_central;logical;Si/No;no;Fact. Multidelegación Central;¿ Es un cliente con Facturación Multidelegación en Central ?;opcional;customer                                          ;is_invoiced_at_central   
API;gmclien;customers;niv_cli;control_level;integer;9;no;Nivel Control;Introduzca el Nivel de Control del Cliente;opcional;customer                                          ;control_level            
API;gmclien;customers;noh_cli;is_not_regular_customer;logical;Si/No;no;Cliente No Habitual;¿ Cliente Habitual ?;opcional;customer                                          ;is_not_regular_customer  
API;gmclien;customers;nom_cli;name;character;x(55);no;Nombre Fiscal;Introduzca el Nombre Fiscal del Cliente;opcional;customer                                          ;name                     
API;gmclien;customers;num_cli;street_number;character;X(4);no;Número Vía;Introduzca número de la vía pública;opcional;customer                                          ;street_number            
API;gmclien;customers;pob_cli;city;character;x(30);no;Población;Introduzca la Población del Cliente;obligatorio;customer                                          ;city                     
API;gmclien;customers;raz_cli;business_name;character;X(100);no;Razón Social;Introduzca la Razón Social del Cliente;obligatorio;customer                                          ;business_name            
API;gmclien;customers;resi_cli;is_resident;logical;Si/No;no;Cliente Residente Extranjero;¿ El cliente es Extranjero Residente ?;opcional;customer                                          ;is_resident              
API;gmclien;customers;rpr_cli;vendor_reference;character;x(15);no;Referencia Proveedor;Referencia que Este Cliente nos Asigna como Proveedor;opcional;customer                                          ;vendor_reference         
API;gmclien;customers;scfdi_fac;cfdi_series;character;x(25);no;Serie CFDI;Serie CFDI;opcional;customer                                          ;cfdi_series              
API;gmclien;customers;taf_cli;amortisation_type;character;x(2);no;Tipo Amortización en Facturas;;opcional;customer                                          ;amortisation_type        
API;gmclien;customers;uso_cli;cfdi_use;character;x(3);no;Uso CFDI;;opcional;customer                                          ;cfdi_use                 
API;gmclien;customers;web_cli;web;character;X(45);no;Web;Web del Cliente;opcional;customer                                          ;web                      
API;gmconpre;TimeKeeping;char1_al;user_char1;character;x(100);yes;UsrChar1_gmconpre;character1Usr;opcional;timekeeping                                       ;user_char1               
API;gmconpre;TimeKeeping;char2_al;user_char2;character;x(100);yes;UsrChar2_gmconpre;character2Usr;opcional;timekeeping                                       ;user_char2               
API;gmconpre;TimeKeeping;char3_al;user_char3;character;x(100);yes;UsrChar3_gmconpre;character3Usr;opcional;timekeeping                                       ;user_char3               
API;gmconpre;TimeKeeping;char4_al;user_char4;character;x(100);yes;UsrChar4_gmconpre;character4Usr;opcional;timekeeping                                       ;user_char4               
API;gmconpre;TimeKeeping;char5_al;user_char5;character;x(100);yes;UsrChar5_gmconpre;character5Usr;opcional;timekeeping                                       ;user_char5               
API;gmconpre;TimeKeeping;char6_al;user_char6;character;x(100);yes;UsrChar6_gmconpre;character6Usr;opcional;timekeeping                                       ;user_char6               
API;gmconpre;TimeKeeping;char7_al;user_char7;character;x(100);yes;UsrChar7_gmconpre;character7Usr;opcional;timekeeping                                       ;user_char7               
API;gmconpre;TimeKeeping;char8_al;user_char8;character;x(100);yes;UsrChar8_gmconpre;character8Usr;opcional;timekeeping                                       ;user_char8               
API;gmconpre;TimeKeeping;cod_empl;worker_id;integer;9999;no;Empleado;Código del Empleado;obligatorio;timekeeping                                       ;employee                 
API;gmconpre;TimeKeeping;cod_ent;company_id;integer;99;no;Empresa;Intoduzca la empresa;opcional;timekeeping                                       ;company_id               
API;gmconpre;TimeKeeping;cod_tfi;timekeeping_type_id;integer;99;no;Tipo Fichaje;Tipo de Fichaje;opcional;timekeeping                                       ;                         
API;gmconpre;TimeKeeping;dec1_al;user_dec1;decimal;->>,>>>,>>9.999;yes;UsrDec1_gmconpre;decimal1Usr;opcional;timekeeping                                       ;user_dec1                
API;gmconpre;TimeKeeping;dec2_al;user_dec2;decimal;->>,>>>,>>9.999;yes;UsrDec2_gmconpre;decimal2Usr;opcional;timekeeping                                       ;user_dec2                
API;gmconpre;TimeKeeping;dec3_al;user_dec3;decimal;->>,>>>,>>9.999;yes;UsrDec3_gmconpre;decimal3Usr;opcional;timekeeping                                       ;user_dec3                
API;gmconpre;TimeKeeping;dec4_al;user_dec4;decimal;->>,>>>,>>9.999;yes;UsrDec4_gmconpre;decimal4Usr;opcional;timekeeping                                       ;user_dec4                
API;gmconpre;TimeKeeping;dec5_al;user_dec5;decimal;->>,>>>,>>9.999;yes;UsrDec5_gmconpre;decimal5Usr;opcional;timekeeping                                       ;user_dec5                
API;gmconpre;TimeKeeping;dec6_al;user_dec6;decimal;->>,>>>,>>9.999;yes;UsrDec6_gmconpre;decimal6Usr;opcional;timekeeping                                       ;user_dec6                
API;gmconpre;TimeKeeping;des_fic;description;character;x(800);no;Descripción;Descripción;opcional;timekeeping                                       ;description              
API;gmconpre;TimeKeeping;edi1_al;user_edi1;character;x(1000);yes;UsrEdi1_gmconpre;editor1Usr;opcional;timekeeping                                       ;user_edi1                
API;gmconpre;TimeKeeping;edi2_al;user_edi2;character;x(1000);yes;UsrEdi2_gmconpre;editor2Usr;opcional;timekeeping                                       ;user_edi2                
API;gmconpre;TimeKeeping;fec1_al;user_date1;date;99/99/9999;yes;UsrFec1_gmconpre;fecha1Usr;opcional;timekeeping                                       ;user_fec1                
API;gmconpre;TimeKeeping;fec2_al;user_date2;date;99/99/9999;yes;UsrFec2_gmconpre;fecha2Usr;opcional;timekeeping                                       ;user_fec2                
API;gmconpre;TimeKeeping;fec3_al;user_date3;date;99/99/9999;yes;UsrFec3_gmconpre;fecha3Usr;opcional;timekeeping                                       ;user_fec3                
API;gmconpre;TimeKeeping;fef_fic;final_date;date;99/99/9999;no;F. Fin Fichaje;Fecha Fin Fichaje;opcional;timekeeping                                       ;end_date                 
API;gmconpre;TimeKeeping;fei_fic;initial_date;date;99/99/9999;no;F.Inicio Fichaje;Fecha Inicio Fichaje;obligatorio;timekeeping                                       ;start_date               
API;gmconpre;TimeKeeping;hof_fic;final_hour;integer;99999;no;Hora Fin;Hora Fin Fichaje;opcional;timekeeping                                       ;end_hour                 
API;gmconpre;TimeKeeping;hoi_fic;initial_hour;integer;99999;no;Hora Inicio;Hora Inicio Fichaje;obligatorio;timekeeping                                       ;start_hour               
API;gmconpre;TimeKeeping;Id_unico;unique_id;int64;99999999999999999999;no;Id unico;;excluido;timekeeping                                       ;unique_id                
API;gmconpre;TimeKeeping;lae_fic;entry_latitude;character;x(30);yes;Latitud Fichaje Entrada;Latitud Fichaje Entrada;opcional;timekeeping                                       ;entry_latitude           
API;gmconpre;TimeKeeping;las_fic;exit_latitude;character;x(30);yes;Latitud Fichaje Salida;Latitud Fichaje Salida;opcional;timekeeping                                       ;exit_latitude            
API;gmconpre;TimeKeeping;loe_fic;entry_longitude;character;x(30);yes;Longitud Fichaje Entrada;Longitud Fichaje Entrada;opcional;timekeeping                                       ;entry_longitude          
API;gmconpre;TimeKeeping;los_fic;exit_longitude;character;x(30);yes;Longitud Fichaje Salida;Longitud Fichaje Salida;opcional;timekeeping                                       ;exit_longitude           
API;gmconpre;TimeKeeping;ori_fic;origin;character;x(3);no;Origen;Origen;excluido;timekeeping                                       ;                         
API;gmcontactos;contacts;ap1_cto;surname_1;character;x(20);no;Apellido 1;;opcional;contact                                           ;surname_1                
API;gmcontactos;contacts;ap2_cto;surname_2;character;x(20);no;Apellido 2;;opcional;contact                                           ;surname_2                
API;gmcontactos;contacts;char1_al;user_char1;character;x(100);yes;Character1Usr;Character1Usr;opcional;contact                                           ;user_char1               
API;gmcontactos;contacts;char2_al;user_char2;character;x(100);yes;Character2Usr;Character2Usr;opcional;contact                                           ;user_char2               
API;gmcontactos;contacts;char3_al;user_char3;character;x(100);yes;Character3Usr;Character3Usr;opcional;contact                                           ;user_char3               
API;gmcontactos;contacts;char4_al;user_char4;character;x(100);yes;Character4Usr;Character4Usr;opcional;contact                                           ;user_char4               
API;gmcontactos;contacts;char5_al;user_char5;character;x(100);yes;Character5Usr;Character5Usr;opcional;contact                                           ;user_char5               
API;gmcontactos;contacts;char6_al;user_char6;character;x(100);yes;Character6Usr;Character6Usr;opcional;contact                                           ;user_char6               
API;gmcontactos;contacts;char7_al;user_char7;character;x(100);yes;Character7Usr;Character7Usr;opcional;contact                                           ;user_char7               
API;gmcontactos;contacts;char8_al;user_char8;character;x(100);yes;Character8Usr;Character8Usr;opcional;contact                                           ;user_char8               
API;gmcontactos;contacts;cif_cto;vat_number;character;x(18);no;CIF;Introduzca el C.I.F. / D.N.I.;opcional;contact                                           ;vat_number               
API;gmcontactos;contacts;cli_amb;customer_ambit;integer;>>9;no;Ambito;Introduzca el ambito del cliente;excluido;contact                                           ;customer_ambit           
API;gmcontactos;contacts;cod_cli;customer_id;integer;99999;no;Código;Introduzca el Código de Cliente;obligatorio;contact                                           ;customer_id              
API;gmcontactos;contacts;cod_cto;contact_id;integer;99999;no;Contacto;Introduzca Contacto;obligatorio;contact                                           ;contact_id               
API;gmcontactos;contacts;cod_ctor;related_contact_id;integer;99999;no;Contacto Relacionado;;excluido;contact                                           ;related_contact_id       
API;gmcontactos;contacts;cod_dep;department_id;character;x(40);no;Departamento;;opcional;contact                                           ;department_id            
API;gmcontactos;contacts;cod_dir;potential_customer_id;integer;9999999;no;Cliente Potencial;;obligatorio;contact                                           ;potential_customer_id    
API;gmcontactos;contacts;cod_pro;vendor_id;integer;9999;no;Proveedor;;opcional;contact                                           ;vendor_id                
API;gmcontactos;contacts;cod_tto;treatment_id;character;x(4);no;Tratamiento;;opcional;contact                                           ;treatment_id             
API;gmcontactos;contacts;c_cod_cto;buyer_id;character;X(10);no;Código Comprador;Código Comprador;opcional;contact                                           ;buyer_id                 
API;gmcontactos;contacts;dec1_al;user_dec1;decimal;->>,>>>,>>9.999;yes;Decimal1Usr;Decimal1Usr;opcional;contact                                           ;user_dec1                
API;gmcontactos;contacts;dec2_al;user_dec2;decimal;->>,>>>,>>9.999;yes;Decimal2Usr;Decimal2Usr;opcional;contact                                           ;user_dec2                
API;gmcontactos;contacts;dec3_al;user_dec3;decimal;->>,>>>,>>9.999;yes;Decimal3Usr;Decimal3Usr;opcional;contact                                           ;user_dec3                
API;gmcontactos;contacts;dec4_al;user_dec4;decimal;->>,>>>,>>9.999;yes;Decimal4Usr;Decimal4Usr;opcional;contact                                           ;user_dec4                
API;gmcontactos;contacts;dec5_al;user_dec5;decimal;->>,>>>,>>9.999;yes;Decimal5Usr;Decimal5Usr;opcional;contact                                           ;user_dec5                
API;gmcontactos;contacts;dec6_al;user_dec6;decimal;->>,>>>,>>9.999;yes;Decimal6Usr;Decimal6Usr;opcional;contact                                           ;user_dec6                
API;gmcontactos;contacts;ecc_cto;email_cc;character;x(200);no;E-mail (CC);E-mail (CC);opcional;contact                                           ;email_cc                 
API;gmcontactos;contacts;edi1_al;user_edi1;character;x(1000);yes;Editor1Usr;Editor1Usr;opcional;contact                                           ;user_edi1                
API;gmcontactos;contacts;edi2_al;user_edi2;character;x(1000);yes;Editor2Usr;Editor2Usr;opcional;contact                                           ;user_edi2                
API;gmcontactos;contacts;ema_cto;email;character;X(60);no;E-mail;Introduzca E-mail;opcional;contact                                           ;email                    
API;gmcontactos;contacts;ex1_cto;phone_extension_1;character;x(6);no;Extensión 1;;opcional;contact                                           ;phone_extension_1        
API;gmcontactos;contacts;ex2_cto;phone_extension_2;character;x(6);no;Extensión 2;;opcional;contact                                           ;phone_extension_2        
API;gmcontactos;contacts;fal_cto;creation_date;date;99/99/9999;no;Fecha Alta;;excluido;contact                                           ;creation_date            
API;gmcontactos;contacts;fax_cto;sent_by_fax;character;x(18);no;Fax;Introduzca el Fax;opcional;contact                                           ;sent_by_fax              
API;gmcontactos;contacts;fea_cto;activation_date;date;99/99/9999;no;Fecha Activación;Introduzca Fecha de Activación;opcional;contact                                           ;activation_date          
API;gmcontactos;contacts;fec1_al;user_date1;date;99/99/9999;yes;Fecha1Usr;Fecha1Usr;opcional;contact                                           ;user_fec1                
API;gmcontactos;contacts;fec2_al;user_date2;date;99/99/9999;yes;Fecha2Usr;Fecha2Usr;opcional;contact                                           ;user_fec2                
API;gmcontactos;contacts;fec3_al;user_date3;date;99/99/9999;yes;Fecha3Usr;Fecha3Usr;opcional;contact                                           ;user_fec3                
API;gmcontactos;contacts;fec_cto;due_date;date;99/99/9999;no;Fecha Caducidad;Introduzca Fecha de Caducidad;opcional;contact                                           ;due_date                 
API;gmcontactos;contacts;fmo_cto;modification_date;date;99/99/9999;no;Fecha Modif.;;excluido;contact                                           ;modification_date        
API;gmcontactos;contacts;Id_unico;unique_id;int64;99999999999999999999;no;Id único;;obligatorio;contact                                           ;unique_id                
API;gmcontactos;contacts;Id_unicor;related_unique_id;int64;99999999999999999999;no;Id Contacto Relacionado;;excluido;contact                                           ;related_unique_id        
API;gmcontactos;contacts;Id_uni_pa;parent_unique_id;int64;99999999999999999999;no;Id único del padre;;obligatorio;contact                                           ;parent_unique_id         
API;gmcontactos;contacts;nom_cto;name;character;x(20);no;Nombre;;opcional;contact                                           ;name                     
API;gmcontactos;contacts;obs_cto;notes;character;x(800);no;Observaciones;;opcional;contact                                           ;notes                    
API;gmcontactos;contacts;per_cto;contact_person;character;x(55);no;Pers.Contacto;Introduzca el Nombre de la Persona de Contacto;opcional;contact                                           ;contact_person           
API;gmcontactos;contacts;ppp_cto;is_default_for_payments;logical;Si/No;no;Predefinido para Pagos;;opcional;contact                                           ;is_default_for_payments  
API;gmcontactos;contacts;prom_cto;has_promotion;logical;S/N;no;Promociones;Indicar si está sujeto a Promociones de Venta por Puntos;opcional;contact                                           ;has_promotion            
API;gmcontactos;contacts;pro_amb;vendor_ambit;integer;>>9;no;Ambito Proveedor;Introduzca el ambito del proveedor;opcional;contact                                           ;vendor_ambit             
API;gmcontactos;contacts;rev_cto;is_pending_review;logical;S/N;no;Pendiente Revisión;Pendiente de Revisión;opcional;contact                                           ;is_pending_review        
API;gmcontactos;contacts;tel2_cto;phone_2;character;x(18);no;Teléfono 2;Teléfono 2;opcional;contact                                           ;phone_2                  
API;gmcontactos;contacts;tel_cto;phone_1;character;X(18);no;Teléfono;Introduzca Teléfono;opcional;contact                                           ;phone_1                  
API;gmcontactos;contacts;tipo-op;worker_type;integer;99;no;Perfil;Código de Perfil del Contacto;opcional;contact                                           ;worker_type              
API;gmcontactos;contacts;tip_cto;contact_type;character;x(3);no;Tipo;Tipo Contacto;obligatorio;contact                                           ;contact_type             
API;gmcontactos;contacts;tmo_cto;mobile_phone;character;x(18);no;Móvil;;opcional;contact                                           ;mobile_phone             
API;gmcontactos;contacts;web_cto;web;character;X(40);no;Web;Introduzca pagina Web;opcional;contact                                           ;web                      
API;gmfopag;payment_methods;cad_fpg;due_date_cadence;integer;>>9;no;Cadencia Días Vencimientos;Introduzca la Cadencia de Días entre Vencimientos;opcional;payment_method                                    ;due_date_cadence         
API;gmfopag;payment_methods;char1_al;user_char1;character;x(100);yes;UsrChar1_gmfopag;character1Usr;opcional;payment_method                                    ;user_char1               
API;gmfopag;payment_methods;char2_al;user_char2;character;x(100);yes;UsrChar2_gmfopag;character2Usr;opcional;payment_method                                    ;user_char2               
API;gmfopag;payment_methods;char3_al;user_char3;character;x(100);yes;UsrChar3_gmfopag;character3Usr;opcional;payment_method                                    ;user_char3               
API;gmfopag;payment_methods;char4_al;user_char4;character;x(100);yes;UsrChar4_gmfopag;character4Usr;opcional;payment_method                                    ;user_char4               
API;gmfopag;payment_methods;char5_al;user_char5;character;x(100);yes;UsrChar5_gmfopag;character5Usr;opcional;payment_method                                    ;user_char5               
API;gmfopag;payment_methods;char6_al;user_char6;character;x(100);yes;UsrChar6_gmfopag;character6Usr;opcional;payment_method                                    ;user_char6               
API;gmfopag;payment_methods;char7_al;user_char7;character;x(100);yes;UsrChar7_gmfopag;character7Usr;opcional;payment_method                                    ;user_char7               
API;gmfopag;payment_methods;char8_al;user_char8;character;x(100);yes;UsrChar8_gmfopag;character8Usr;opcional;payment_method                                    ;user_char8               
API;gmfopag;payment_methods;cod_dcc;payment_document_id;character;X(10);no;Tipo de Documento;Tipo de Documento;opcional;payment_method                                    ;payment_document_id      
API;gmfopag;payment_methods;cod_fpg;payment_method_id;integer;999;no;Forma de Pago;Introduzca el Código de Forma de Pago;opcional;payment_method                                    ;payment_method_id        
API;gmfopag;payment_methods;dec1_al;user_dec1;decimal;->>,>>>,>>9.999;yes;UsrDec1_gmfopag;decimal1Usr;opcional;payment_method                                    ;user_dec1                
API;gmfopag;payment_methods;dec2_al;user_dec2;decimal;->>,>>>,>>9.999;yes;UsrDec2_gmfopag;decimal2Usr;opcional;payment_method                                    ;user_dec2                
API;gmfopag;payment_methods;dec3_al;user_dec3;decimal;->>,>>>,>>9.999;yes;UsrDec3_gmfopag;decimal3Usr;opcional;payment_method                                    ;user_dec3                
API;gmfopag;payment_methods;dec4_al;user_dec4;decimal;->>,>>>,>>9.999;yes;UsrDec4_gmfopag;decimal4Usr;opcional;payment_method                                    ;user_dec4                
API;gmfopag;payment_methods;dec5_al;user_dec5;decimal;->>,>>>,>>9.999;yes;UsrDec5_gmfopag;decimal5Usr;opcional;payment_method                                    ;user_dec5                
API;gmfopag;payment_methods;dec6_al;user_dec6;decimal;->>,>>>,>>9.999;yes;UsrDec6_gmfopag;decimal6Usr;opcional;payment_method                                    ;user_dec6                
API;gmfopag;payment_methods;des_fpg;due_date_displacement;integer;>>9;no;Dias Desplazamiento;Introduzca el Número de Dias Hasta el Primer Vencimiento;opcional;payment_method                                    ;due_date_displacement    
API;gmfopag;payment_methods;edi1_al;user_edi1;character;x(1000);yes;UsrEdi1_gmfopag;editor1Usr;opcional;payment_method                                    ;user_edi1                
API;gmfopag;payment_methods;edi2_al;user_edi2;character;x(1000);yes;UsrEdi2_gmfopag;editor2Usr;opcional;payment_method                                    ;user_edi2                
API;gmfopag;payment_methods;fec1_al;user_date1;date;99/99/9999;yes;UsrFec1_gmfopag;fecha1Usr;opcional;payment_method                                    ;user_fec1                
API;gmfopag;payment_methods;fec2_al;user_date2;date;99/99/9999;yes;UsrFec2_gmfopag;fecha2Usr;opcional;payment_method                                    ;user_fec2                
API;gmfopag;payment_methods;fec3_al;user_date3;date;99/99/9999;yes;UsrFec3_gmfopag;fecha3Usr;opcional;payment_method                                    ;user_fec3                
API;gmfopag;payment_methods;iso_fpg;payment_method_iso_code;character;X(5);no;ISO;Introduzca ISO;opcional;payment_method                                    ;payment_method_iso_code  
API;gmfopag;payment_methods;nom_fpg;description;character;x(20);no;Descripción Forma de Pago;Introduzca la Descripción de la Forma de Pago;opcional;payment_method                                    ;description              
API;gmfopag;payment_methods;nvt_fpg;due_dates_number;integer;99;no;Vencimientos a Generar;Introduzca el Número de Vencimientos a Generar;opcional;payment_method                                    ;due_dates_number         
API;gmfopag;payment_methods;rep_fpg;is_replenishment_type;logical;yes/no;no;Cont. Reposición;Contado Reposición;opcional;payment_method                                    ;is_replenishment_type    
API;gmfopag;payment_methods;tip_fpg;type;character;X(1);no;Tipo de Pago;Introduzca Tipo de Forma de Pago;opcional;payment_method                                    ;type                     
API;gmtran;carriers;baj_tra;is_deregistered;logical;Si/No;no;Baja Transportista;¿Baja?;opcional;carrier                                           ;is_deregistered          
API;gmtran;carriers;blq_tra;is_locked;logical;Si/No;no;Bloqueado Transportista;¿Bloqueado?;opcional;carrier                                           ;is_locked                
API;gmtran;carriers;char1_al;user_char1;character;X(100);yes;UsrChar1_gmtran;character1Usr;opcional;carrier                                           ;user_char1               
API;gmtran;carriers;char1_gmtran;char1_gmtran;character;x(8);yes;TlmpChar1_gmtran;character1Tlmp;opcional;carrier                                           ;                         
API;gmtran;carriers;char2_al;user_char2;character;X(100);yes;UsrChar2_gmtran;character2Usr;opcional;carrier                                           ;user_char2               
API;gmtran;carriers;char2_gmtran;char2_gmtran;character;x(8);yes;TlmpChar2_gmtran;character2Tlmp;opcional;carrier                                           ;                         
API;gmtran;carriers;char3_al;user_char3;character;X(100);yes;UsrChar3_gmtran;character3Usr;opcional;carrier                                           ;user_char3               
API;gmtran;carriers;char3_gmtran;char3_gmtran;character;x(100);no;TlmpChar3_gmtran;character3Tlmp;opcional;carrier                                           ;                         
API;gmtran;carriers;char4_al;user_char4;character;X(100);yes;UsrChar4_gmtran;character4Usr;opcional;carrier                                           ;user_char4               
API;gmtran;carriers;char4_gmtran;char4_gmtran;character;x(100);no;TlmpChar4_gmtran;character4Tlmp;opcional;carrier                                           ;                         
API;gmtran;carriers;char5_al;user_char5;character;X(100);yes;UsrChar5_gmtran;character5Usr;opcional;carrier                                           ;user_char5               
API;gmtran;carriers;char6_al;user_char6;character;X(100);yes;UsrChar6_gmtran;character6Usr;opcional;carrier                                           ;user_char6               
API;gmtran;carriers;char7_al;user_char7;character;X(100);yes;UsrChar7_gmtran;character7Usr;opcional;carrier                                           ;user_char7               
API;gmtran;carriers;char8_al;user_char8;character;X(100);yes;UsrChar8_gmtran;character8Usr;opcional;carrier                                           ;user_char8               
API;gmtran;carriers;cod_idi;language_id;character;X(3);no;Idioma;Introduzca el código del idioma;opcional;carrier                                           ;language_id              
API;gmtran;carriers;cod_pai;country_id;character;x(2);no;Pais;Introduzca el Código del País;opcional;carrier                                           ;country_id               
API;gmtran;carriers;cod_provi;province_id;integer;99;no;Provincia;Introduzca el Código de la Provincia;opcional;carrier                                           ;province_id              
API;gmtran;carriers;cod_tra;carrier_id;integer;999;no;Transportista;Introduzca el Código de Transportista;opcional;carrier                                           ;carrier_id               
API;gmtran;carriers;cod_via;street_type;character;X(2);no;Tipo Via Pública;Introduzca Sigla de la vía pública;opcional;carrier                                           ;street_type              
API;gmtran;carriers;col_tra;settlement_id;character;x(60);no;Colonia;Introduzca la Colonia del Transportista;opcional;carrier                                           ;                         
API;gmtran;carriers;dec1_al;user_dec1;decimal;->>,>>>,>>9.999;yes;UsrDec1_gmtran;decimal1Usr;opcional;carrier                                           ;user_dec1                
API;gmtran;carriers;dec1_gmtran;dec1_gmtran;decimal;->>,>>9.99;yes;TlmpDec1_gmtran;decimal1Tlmp;opcional;carrier                                           ;                         
API;gmtran;carriers;dec2_al;user_dec2;decimal;->>,>>>,>>9.999;yes;UsrDec2_gmtran;decimal2Usr;opcional;carrier                                           ;user_dec2                
API;gmtran;carriers;dec2_gmtran;dec2_gmtran;decimal;->>,>>9.99;yes;TlmpDec2_gmtran;decimal2Tlmp;opcional;carrier                                           ;                         
API;gmtran;carriers;dec3_al;user_dec3;decimal;->>,>>>,>>9.999;yes;UsrDec3_gmtran;decimal3Usr;opcional;carrier                                           ;user_dec3                
API;gmtran;carriers;dec3_gmtran;dec3_gmtran;decimal;->>,>>>,>>9.999;no;TlmpDec3_gmtran;decimal3Tlmp;opcional;carrier                                           ;                         
API;gmtran;carriers;dec4_al;user_dec4;decimal;->>,>>>,>>9.999;yes;UsrDec4_gmtran;decimal4Usr;opcional;carrier                                           ;user_dec4                
API;gmtran;carriers;dec4_gmtran;dec4_gmtran;decimal;->>,>>>,>>9.999;no;TlmpDec4_gmtran;decimal4Tlmp;opcional;carrier                                           ;                         
API;gmtran;carriers;dec5_al;user_dec5;decimal;->>,>>>,>>9.999;yes;UsrDec5_gmtran;decimal5Usr;opcional;carrier                                           ;user_dec5                
API;gmtran;carriers;dec6_al;user_dec6;decimal;->>,>>>,>>9.999;yes;UsrDec6_gmtran;decimal6Usr;opcional;carrier                                           ;user_dec6                
API;gmtran;carriers;dir_tra;street_name;character;x(55);no;Dirección Transportista;Introduzca la Dirección del Transportista;opcional;carrier                                           ;street_name              
API;gmtran;carriers;dpo_tra;postal_code;integer;99999;no;Distrito Postal;Introduzca el Distrito Postal del Transportista;opcional;carrier                                           ;postal_code              
API;gmtran;carriers;edi1_al;user_edi1;character;X(1000);yes;UsrEdi1_gmtran;editor1Usr;opcional;carrier                                           ;user_edi1                
API;gmtran;carriers;edi2_al;user_edi2;character;X(1000);yes;UsrEdi2_gmtran;editor2Usr;opcional;carrier                                           ;user_edi2                
API;gmtran;carriers;ema_tra;email;character;X(60);no;Email del Transportista;Introduzca el Email del Transportista;opcional;carrier                                           ;email                    
API;gmtran;carriers;fax_tra;fax;character;X(18);no;Fax del Transportista;Introduzca Fax del Transportista;opcional;carrier                                           ;fax                      
API;gmtran;carriers;fec1_al;user_fec1;date;99/99/9999;yes;UsrFec1_gmtran;fecha1Usr;opcional;carrier                                           ;user_fec1                
API;gmtran;carriers;fec1_gmtran;fec1_gmtran;date;99/99/9999;no;TlmpFec1_gmtran;fecha1Tlmp;opcional;carrier                                           ;                         
API;gmtran;carriers;fec2_al;user_fec2;date;99/99/9999;yes;UsrFec2_gmtran;fecha2Usr;opcional;carrier                                           ;user_fec2                
API;gmtran;carriers;fec2_gmtran;fec2_gmtran;date;99/99/9999;no;TlmpFec2_gmtran;fecha2Tlmp;opcional;carrier                                           ;                         
API;gmtran;carriers;fec3_al;user_fec3;date;99/99/9999;yes;UsrFec3_gmtran;fecha3Usr;opcional;carrier                                           ;user_fec3                
API;gmtran;carriers;fec3_gmtran;fec3_gmtran;date;99/99/9999;no;TlmpFec3_gmtran;fecha3Tlmp;opcional;carrier                                           ;                         
API;gmtran;carriers;Id_unico;unique_id;int64;99999999999999999999;no;Id único;;opcional;carrier                                           ;unique_id                
API;gmtran;carriers;nom_tra;name;character;x(55);no;Descripción Transportista;Introduzca la Descripción Transportista;opcional;carrier                                           ;name                     
API;gmtran;carriers;num_tra;street_number;character;X(4);no;Número vía pública;Introduzca número de la vía pública;opcional;carrier                                           ;street_number            
API;gmtran;carriers;pes_tra;max_weight;decimal;>,>>>,>>9.99;no;Peso Máximo (kg);Peso Máximo en kilos;opcional;carrier                                           ;max_weight               
API;gmtran;carriers;pob_tra;city;character;x(30);no;Población Transportista;Introduzca la Población del Transportista;opcional;carrier                                           ;city                     
API;gmtran;carriers;tas_tra;has_tax;decimal;>,>>>,>>9.999;no;Tasa del Transportista;Introduzca la Tasa del Transportista;opcional;carrier                                           ;has_tax                  
API;gmtran;carriers;tcar_tra;load_time;integer;>>>,>>9;no;Tiempo de Carga;Introduzca el Tiempo de Carga en dias;opcional;carrier                                           ;load_time                
API;gmtran;carriers;tdes_tra;unload_time;integer;>>>,>>9;no;Tiempo de Descarga;Tiempo de Descarga en dias;opcional;carrier                                           ;unload_time              
API;gmtran;carriers;tel_tra;phone;character;x(18);no;Teléfono Transportista;Introducir el Teléfono del Transportista;opcional;carrier                                           ;phone                    
API;gmtran;carriers;tel_tra1;phone_1;character;x(18);no;Teléfono [1];Introducir el Teléfono del Transportista [1];opcional;carrier                                           ;phone_1                  
API;gmtran;carriers;tel_tra2;phone_2;character;x(18);no;Teléfono [2];Introducir el Teléfono del Transportista [2];opcional;carrier                                           ;phone_2                  
API;gmtran;carriers;tent_tra;delivery_time;integer;>>>,>>9;no;Tiempo de Entrega;Introduzca el Tiempo de Entrega en dias;opcional;carrier                                           ;delivery_time            
API;gmtran;carriers;tiptas_tra;tax_type;character;X(20);no;Tipo de Tasa;Introduzca el Tipo de Tasa;opcional;carrier                                           ;tax_type                 
API;gmtran;carriers;tip_tra;carrier_type;character;X(18);no;Tipo Transportista;Introduzca Tipo Transportista;opcional;carrier                                           ;carrier_type             
API;gmtran;carriers;vol_tra;max_volume;decimal;>,>>>,>>9.99;no;Volumen Máximo (m3);Volumen Máximo en metros cúbicos;opcional;carrier                                           ;max_volume               
API;gmtran;carriers;web_tra;web;character;X(45);no;Web del Transportista;Web del Transportista;opcional;carrier                                           ;web                      
API;goparlb;lines;ane_pre;annex;integer;99;no;Anexo;Anexo;opcional;workingdraft_lines                                ;attachment               
API;goparlb;lines;Aoo_oprt;administration_or_work;character;x(1);no;P.O/P.A.;Parte de Administración u Obra;excluido;workingdraft_lines                                ;purchase_order_purchase_a
API;goparlb;lines;art_amb;product_ambit;integer;>>9;no;Ambito;Introduzca el Ambito del Articulo;excluido;workingdraft_lines                                ;scope                    
API;goparlb;lines;canc_oprl;purchase_quantity;decimal;->>>,>>9.999;no;Cantidad Compra;Cantidad de Compra de la Línea de Detalle;opcional;workingdraft_lines                                ;purchase_quantity        
API;goparlb;lines;can_oprl;quantity;decimal;->,>>>,>>9.999;no;Cantidad;Cantidad;opcional;workingdraft_lines                                ;quantity                 
API;goparlb;lines;cfa_oprl;invoiceable_hours;decimal;->,>>>,>>9.999;no;Horas Facturables;Horas Facturables;opcional;workingdraft_lines                                ;billable_hours           
API;goparlb;lines;char1_al;user_char1;character;x(100);yes;UsrChar1_goparlb;character1Usr;opcional;workingdraft_lines                                ;user_character1          
API;goparlb;lines;char2_al;user_char2;character;x(100);yes;UsrChar2_goparlb;character2Usr;opcional;workingdraft_lines                                ;user_character2          
API;goparlb;lines;char3_al;user_char3;character;x(100);yes;UsrChar3_goparlb;character3Usr;opcional;workingdraft_lines                                ;user_character3          
API;goparlb;lines;char4_al;user_char4;character;x(100);yes;UsrChar4_goparlb;character4Usr;opcional;workingdraft_lines                                ;user_character4          
API;goparlb;lines;char5_al;user_char5;character;x(100);yes;UsrChar5_goparlb;character5Usr;opcional;workingdraft_lines                                ;user_character5          
API;goparlb;lines;char6_al;user_char6;character;x(100);yes;UsrChar6_goparlb;character6Usr;opcional;workingdraft_lines                                ;user_character6          
API;goparlb;lines;char7_al;user_char7;character;x(100);yes;UsrChar7_goparlb;character7Usr;opcional;workingdraft_lines                                ;user_character7          
API;goparlb;lines;char8_al;user_char8;character;x(100);yes;UsrChar8_goparlb;character8Usr;opcional;workingdraft_lines                                ;user_character8          
API;goparlb;lines;cin_oprl;chargeable_hours;decimal;->,>>>,>>9.999;no;Horas Imputables;Horas Imputables;opcional;workingdraft_lines                                ;billable_hours_r_743     
API;goparlb;lines;codh_obe;folder_work_id;integer;9999999;no;Identificador Obra;Identificador único dentro de la Obra;opcional;workingdraft_lines                                ;project_id               
API;goparlb;lines;cod_ab1;cod_ab1;character;x(1);no;Empresa 1;Empresa A;excluido;workingdraft_lines                                ;company_1                
API;goparlb;lines;cod_ab2;cod_ab2;character;x(1);no;Empresa 2;Empresa B;excluido;workingdraft_lines                                ;company_2                
API;goparlb;lines;cod_acto;activity;integer;9999;no;Actividad;Actividad;opcional;workingdraft_lines                                ;activity                 
API;goparlb;lines;cod_art;product_id;character;X(24);no;Cód.Artículo;Introduzca el Código del Artículo;obligatorio;workingdraft_lines                                ;item_code                
API;goparlb;lines;cod_avis;notice;integer;9999999;no;Aviso;Código de Aviso;opcional;workingdraft_lines                                ;notification             
API;goparlb;lines;cod_del;branch_id;integer;99;no;Delegación;Intoduzca la delegación;excluido;workingdraft_lines                                ;branch                   
API;goparlb;lines;cod_depo;deposit;integer;9999999;no;Depósito;Código de Depósito;opcional;workingdraft_lines                                ;warehouse                
API;goparlb;lines;cod_empl;worker_id;integer;9999;no;Operario;Empleado;opcional;workingdraft_lines                                ;worker                   
API;goparlb;lines;cod_ent;company_id;integer;99;no;Empresa;Intoduzca la empresa;excluido;workingdraft_lines                                ;company                  
API;goparlb;lines;cod_hora;hour_id;integer;99;no;Tipo de Hora;Tipo de Hora;opcional;workingdraft_lines                                ;hour_type                
API;goparlb;lines;cod_iva;vat_id;integer;99;no;IVA;IVA;opcional;workingdraft_lines                                ;vat                      
API;goparlb;lines;cod_mar;brand_id;integer;9999;no;Marca;Marca;excluido;workingdraft_lines                                ;brand                    
API;goparlb;lines;cod_oprlb;line_id;integer;9999999;no;Id. Línea del Borrador;;opcional;workingdraft_lines                                ;draft_line_id            
API;goparlb;lines;cod_oprtb;workingdraft_id;integer;999999999;no;Borrador;Borrador del Parte;obligatorio;workingdraft_lines                                ;draft                    
API;goparlb;lines;cod_pre;budget;integer;999999999;no;Presupuesto;Código de Presupuesto;opcional;workingdraft_lines                                ;estimate                 
API;goparlb;lines;cod_pro;vendor_id;integer;9999;no;Proveedor;Código del Proveedor de la Condición de Compra;excluido;workingdraft_lines                                ;supplier                 
API;goparlb;lines;cod_sac;subactivity;integer;9999;no;SubActividad;SubActividad;opcional;workingdraft_lines                                ;subactivity              
API;goparlb;lines;cod_sasc;currency_id;character;x(3);no;Divisa;Código de Divisa de la Condición de Compra;excluido;workingdraft_lines                                ;currency                 
API;goparlb;lines;cod_uea;packing_unit_id;character;X(2);no;Unidad de Embalaje;Unidad de Embalaje;opcional;workingdraft_lines                                ;packaging_unit           
API;goparlb;lines;cod_ueac;packing_unit_purchase_id;character;x(2);no;Embalaje Compra;Código de la Unidad de Embalaje de Compra;excluido;workingdraft_lines                                ;purchase_packaging       
API;goparlb;lines;cos_oprl;cost;decimal;>>>,>>>,>>9.99999;no;Coste;Coste;opcional;workingdraft_lines                                ;cost                     
API;goparlb;lines;ctl_art;product_code_corporative;character;x(10);no;Cod. Corp/Tel.;Código Corp./Telematel;opcional;workingdraft_lines                                ;company_code_phone_number
API;goparlb;lines;ctr_oprl;working_hours;decimal;->,>>>,>>9.999;no;Horas Trabaj.;Horas Trabajadas;opcional;workingdraft_lines                                ;work_hours               
API;goparlb;lines;cueac_oprl;purchase_packing_unit_quantity;decimal;>>>,>>9.99;no;Cant. U.E.C;Cantidad de Precio de la Condición de Compra;excluido;workingdraft_lines                                ;quantity_u_e_c_          
API;goparlb;lines;cuea_prl;packing_unit_quantity;decimal;>>>,>>9.99;no;Cantidad UE;Cantidad de Unidad de Embalaje.;opcional;workingdraft_lines                                ;ue_quantity              
API;goparlb;lines;dec1_al;user_dec1;decimal;->>,>>>,>>9.999;yes;UsrDec1_goparlb;decimal1Usr;opcional;workingdraft_lines                                ;user_decimal1            
API;goparlb;lines;dec2_al;user_dec2;decimal;->>,>>>,>>9.999;yes;UsrDec2_goparlb;decimal2Usr;opcional;workingdraft_lines                                ;decimal_to_user          
API;goparlb;lines;dec3_al;user_dec3;decimal;->>,>>>,>>9.999;yes;UsrDec3_goparlb;decimal3Usr;opcional;workingdraft_lines                                ;user_decimal3            
API;goparlb;lines;dec4_al;user_dec4;decimal;->>,>>>,>>9.999;yes;UsrDec4_goparlb;decimal4Usr;opcional;workingdraft_lines                                ;user_decimal4            
API;goparlb;lines;dec5_al;user_dec5;decimal;->>,>>>,>>9.999;yes;UsrDec5_goparlb;decimal5Usr;opcional;workingdraft_lines                                ;user_decimal5            
API;goparlb;lines;dec6_al;user_dec6;decimal;->>,>>>,>>9.999;yes;UsrDec6_goparlb;decimal6Usr;opcional;workingdraft_lines                                ;user_decimal6            
API;goparlb;lines;dep_oprl;has_deposit;logical;si/no;no;Depósito;;opcional;workingdraft_lines                                ;warehouse_r_661          
API;goparlb;lines;des_oprl;description;character;x(800);no;Descripción;Descripción;opcional;workingdraft_lines                                ;description              
API;goparlb;lines;dt1c_oprl;purchase_discount_1;decimal;->9.99;no;Dto.1 Compra;Descuento 1 Compra;excluido;workingdraft_lines                                ;purchase_discount_1      
API;goparlb;lines;dt1_oprl;discount_1;decimal;->9.99;no;Dto.1;Descuento 1;opcional;workingdraft_lines                                ;discount_1               
API;goparlb;lines;dt2c_oprl;purchase_discount_2;decimal;->9.99;no;Dto.2 Compra;Descuento 2 Compra;excluido;workingdraft_lines                                ;purchase_discount_2      
API;goparlb;lines;dt2_oprl;discount_2;decimal;->9.99;no;Dto.2;Descuento 2;opcional;workingdraft_lines                                ;discount_2               
API;goparlb;lines;dt3c_oprl;purchase_discount_3;decimal;->9.99;no;Dto. 3 Compra;Descuento 3 Compra;excluido;workingdraft_lines                                ;purchase_discount_3      
API;goparlb;lines;dt3_oprl;discount_3;decimal;->9.99;no;Dto.3;Descuento 3;opcional;workingdraft_lines                                ;discount_3               
API;goparlb;lines;edi1_al;user_edi1;character;x(1000);yes;UsrEdi1_goparlb;editor1Usr;opcional;workingdraft_lines                                ;editor1user              
API;goparlb;lines;edi2_al;user_edi2;character;x(1000);yes;UsrEdi2_goparlb;editor2Usr;opcional;workingdraft_lines                                ;usereditor2              
API;goparlb;lines;est_oprlb;status;character;x(2);no;Estado;Estado del Borrador;excluido;workingdraft_lines                                ;status                   
API;goparlb;lines;fac_oprl;is_invoiceable;logical;si/no;no;Facturable;Linea Facturable;opcional;workingdraft_lines                                ;billable                 
API;goparlb;lines;fec1_al;user_date1;date;99/99/9999;yes;UsrFec1_goparlb;fecha1Usr;opcional;workingdraft_lines                                ;date1user                
API;goparlb;lines;fec2_al;user_date2;date;99/99/9999;yes;UsrFec2_goparlb;fecha2Usr;opcional;workingdraft_lines                                ;user_date2               
API;goparlb;lines;fec3_al;user_date3;date;99/99/9999;yes;UsrFec3_goparlb;fecha3Usr;opcional;workingdraft_lines                                ;user_date3               
API;goparlb;lines;fec_oprl;date;date;99/99/9999;no;Fecha Imputación;Fecha de Imputación;opcional;workingdraft_lines                                ;allocation_date          
API;goparlb;lines;gar_oprl;is_warranty;logical;Si/No;no;Garantía;Línea del parte en Garantía;opcional;workingdraft_lines                                ;warranty                 
API;goparlb;lines;hof_oprl;final_hour;character;99:99;no;Hora Final;Hora Final;opcional;workingdraft_lines                                ;end_time                 
API;goparlb;lines;hoi_oprl;initial_hour;character;99:99;no;Hora de Inicio;Hora de Inicio;opcional;workingdraft_lines                                ;start_time               
API;goparlb;lines;imp_oprl;amount;decimal;->>>,>>>,>>9.99;no;Importe Línea;Importe Línea;excluido;workingdraft_lines                                ;line_amount              
API;goparlb;lines;itas_oprl;tax_amount;decimal;->,>>>,>>9.999;no;RAEE;Importe Tasa de Reciclaje;opcional;workingdraft_lines                                ;weee__waste_electrical_an
API;goparlb;lines;nom_mar;brand_name;character;X(40);no;Nombre Marca;Nombre de la Marca;opcional;workingdraft_lines                                ;brand_name               
API;goparlb;lines;obs_oprlb;notes;character;x(800);no;Observaciones Borrador;Lista de Campos con Errores;opcional;workingdraft_lines                                ;draft_notes              
API;goparlb;lines;ord_oprl;line_order;integer;9999999;no;Orden;Orden de la Línea;opcional;workingdraft_lines                                ;order                    
API;goparlb;lines;pro_amb;vendor_ambit;integer;999;no;Ámbito Proveedor;Ámbito del Proveedor;excluido;workingdraft_lines                                ;supplier_scope           
API;goparlb;lines;pvpc_oprl;purchase_price;decimal;>>>,>>>,>>9.999;no;P.V.P. Compra;P.V.P. Compra;excluido;workingdraft_lines                                ;purchase_price           
API;goparlb;lines;pvp_oprl;price;decimal;>>>,>>>,>>9.999;no;P.V.P.;P.V.P.;opcional;workingdraft_lines                                ;retail_price             
API;goparlb;lines;rec_cos;recalcular coste;character;x(1);no;Recalcular Coste;Indica si el coste se recalcula al traspasar borrador a parte;opcional;workingdraft_lines                                ;recalculate_cost         
API;goparlb;lines;ref_art;product_reference;character;X(24);no;Ref.Fabricante;Introduzca la Referencia del Fabricante;opcional;workingdraft_lines                                ;manufacturer_reference   
API;goparlb;lines;tas_oprl;has_tax;logical;Si/No;no;Tasa de Reciclaje;Tasa de Reciclaje;opcional;workingdraft_lines                                ;recycling_rate           
API;goparlb;lines;tipo_op;category;integer;99;no;Categoría;Categoría;opcional;workingdraft_lines                                ;category                 
API;goparlb;lines;tli_oprl;line_type;character;x(2);no;Tipo Línea;Tipo de Línea;opcional;workingdraft_lines                                ;line_type                
API;goparlb;lines;ver_pre;version;integer;99;no;Versión;Versión;opcional;workingdraft_lines                                ;version                  
API;gopartb;workingdraft;adj_oprt;has_attachments;logical;Si/No;no;Adjuntos;Documentos adjuntos asociados;excluido;workingdraft_heads                                ;attachments              
API;gopartb;workingdraft;Aoo_oprt;administration_or_work;character;x(1);no;P.O/P.A.;Parte de Administración u Obra;opcional;workingdraft_heads                                ;purchase_order_purchase_a
API;gopartb;workingdraft;blq_oprt;is_workingdraft_locked;logical;si/no;no;Bloqueado;Bloqueado;excluido;workingdraft_heads                                ;locked                   
API;gopartb;workingdraft;bru_oprt;gross_amount;decimal;->>>,>>>,>>9.99;no;Bruto;Total Parte;excluido;workingdraft_heads                                ;gross_amount             
API;gopartb;workingdraft;cad_fpg;cadence;integer;>>9;no;Cadencia;Cadencia de días entre vencimientos;opcional;workingdraft_heads                                ;frequency                
API;gopartb;workingdraft;can_sas;currency_quantity;integer;>>,>>>,>>9;no;Cantidad Divisa;Cantidad monetaria;excluido;workingdraft_heads                                ;currency_amount          
API;gopartb;workingdraft;char1_al;user_char1;character;x(100);yes;UsrChar1_gopartb;character1Usr;opcional;workingdraft_heads                                ;user_character1          
API;gopartb;workingdraft;char1_gopartb;hours_without_control;character;x(100);no;TlmpChar1_gopartb;Character1Tlmp;opcional;workingdraft_heads                                ;character1_temperature   
API;gopartb;workingdraft;char2_al;user_char2;character;x(100);yes;UsrChar2_gopartb;character2Usr;opcional;workingdraft_heads                                ;user_character2          
API;gopartb;workingdraft;char3_al;user_char3;character;x(100);yes;UsrChar3_gopartb;character3Usr;opcional;workingdraft_heads                                ;user_character3          
API;gopartb;workingdraft;char4_al;user_char4;character;x(100);yes;UsrChar4_gopartb;character4Usr;opcional;workingdraft_heads                                ;user_character4          
API;gopartb;workingdraft;char5_al;user_char5;character;x(100);yes;UsrChar5_gopartb;character5Usr;opcional;workingdraft_heads                                ;user_character5          
API;gopartb;workingdraft;char6_al;user_char6;character;x(100);yes;UsrChar6_gopartb;character6Usr;opcional;workingdraft_heads                                ;user_character6          
API;gopartb;workingdraft;char7_al;user_char7;character;x(100);yes;UsrChar7_gopartb;character7Usr;opcional;workingdraft_heads                                ;user_character7          
API;gopartb;workingdraft;char8_al;user_char8;character;x(100);yes;UsrChar8_gopartb;character8Usr;opcional;workingdraft_heads                                ;user_character8          
API;gopartb;workingdraft;cif_cli;vat_number;character;x(18);no;C.I.F.;CIF del Cliente;opcional;workingdraft_heads                                ;tax_identification_number
API;gopartb;workingdraft;cli_amb;customer_ambit;integer;999;no;Ámbito Cliente;Ámbito de Cliente;excluido;workingdraft_heads                                ;customer_scope           
API;gopartb;workingdraft;coa_oprt;debit_or_credit;character;x(1);no;C/A;Cargo o Abono;opcional;workingdraft_heads                                ;address                  
API;gopartb;workingdraft;cod_avis;notice;integer;9999999;no;Nº de Aviso;Número de Aviso;opcional;workingdraft_heads                                ;notification_number      
API;gopartb;workingdraft;cod_cen;shipping_address_id;integer;9999;no;Dir. Mercaderías;Dirección de Envío de Mercaderías;excluido;workingdraft_heads                                ;goods_address            
API;gopartb;workingdraft;cod_cene;document_address_id;integer;9999;no;Dir. Envío;Dirección de Envío;excluido;workingdraft_heads                                ;shipping_address         
API;gopartb;workingdraft;cod_cli;customer_id;integer;99999;no;Cliente;Código de Cliente;opcional;workingdraft_heads                                ;customer                 
API;gopartb;workingdraft;cod_def;invoice_branch_id;integer;99;no;Deleg. Fact.;Delegación de facturación;opcional;workingdraft_heads                                ;sales_representative     
API;gopartb;workingdraft;cod_del;branch_id;integer;99;no;Delegación;Delegación;opcional;workingdraft_heads                                ;branch                   
API;gopartb;workingdraft;cod_empl;worker_id;integer;9999;no;Responsable;Empleado Responsable;opcional;workingdraft_heads                                ;responsible_person       
API;gopartb;workingdraft;cod_ent;company_id;integer;9;no;Empresa;Empresa;opcional;workingdraft_heads                                ;company                  
API;gopartb;workingdraft;cod_fpg;payment_method_id;integer;999;no;Forma de Pago;Forma de Pago;opcional;workingdraft_heads                                ;payment_method           
API;gopartb;workingdraft;cod_obr;work_id;integer;999999999;no;Obra;Obra;opcional;workingdraft_heads                                ;project                  
API;gopartb;workingdraft;cod_oprtb;workingdraft_id;integer;999999999;no;Borrador;Borrador del Parte;excluido;workingdraft_heads                                ;draft                    
API;gopartb;workingdraft;cod_pai;country_id;character;x(2);no;País;País del Cliente;opcional;workingdraft_heads                                ;country                  
API;gopartb;workingdraft;cod_perf;periodicity_id;integer;99;no;Period. Fact.;Periodicidad en la Facturación;opcional;workingdraft_heads                                ;invoice_period           
API;gopartb;workingdraft;cod_provi;province_id;integer;99;no;Provincia;Provincia del Cliente;opcional;workingdraft_heads                                ;cod_provi                
API;gopartb;workingdraft;cod_sas;currency_id;character;x(3);no;Divisa;Divisa de Venta;opcional;workingdraft_heads                                ;currency                 
API;gopartb;workingdraft;cod_via;street_type;character;x(2);no;Via;Sigla de la Vía Pública del Cliente;opcional;workingdraft_heads                                ;address_r_690            
API;gopartb;workingdraft;cos_oprt;cost;decimal;->>>,>>>,>>9.99999;no;Coste;Total Coste;excluido;workingdraft_heads                                ;cost                     
API;gopartb;workingdraft;dec1_al;user_dec1;decimal;->>,>>>,>>9.999;yes;UsrDec1_gopartb;decimal1Usr;opcional;workingdraft_heads                                ;user_decimal1            
API;gopartb;workingdraft;dec2_al;user_dec2;decimal;->>,>>>,>>9.999;yes;UsrDec2_gopartb;decimal2Usr;opcional;workingdraft_heads                                ;decimal_to_user          
API;gopartb;workingdraft;dec3_al;user_dec3;decimal;->>,>>>,>>9.999;yes;UsrDec3_gopartb;decimal3Usr;opcional;workingdraft_heads                                ;user_decimal3            
API;gopartb;workingdraft;dec4_al;user_dec4;decimal;->>,>>>,>>9.999;yes;UsrDec4_gopartb;decimal4Usr;opcional;workingdraft_heads                                ;user_decimal4            
API;gopartb;workingdraft;dec5_al;user_dec5;decimal;->>,>>>,>>9.999;yes;UsrDec5_gopartb;decimal5Usr;opcional;workingdraft_heads                                ;user_decimal5            
API;gopartb;workingdraft;dec6_al;user_dec6;decimal;->>,>>>,>>9.999;yes;UsrDec6_gopartb;decimal6Usr;opcional;workingdraft_heads                                ;user_decimal6            
API;gopartb;workingdraft;des_fpg;displacement;integer;>>9;no;Desplazamiento;Días de desplazamiento;opcional;workingdraft_heads                                ;travel_expenses          
API;gopartb;workingdraft;dir_cli;street_name;character;x(55);no;Dirección;Dirección del Cliente;opcional;workingdraft_heads                                ;address_r_416            
API;gopartb;workingdraft;dpo_cli;postal_code;integer;99999;no;Dist. Postal;Distrito Postal del Cliente;opcional;workingdraft_heads                                ;postal_code              
API;gopartb;workingdraft;edi1_al;user_edi1;character;x(1000);yes;UsrEdi1_gopartb;editor1Usr;opcional;workingdraft_heads                                ;editor1user              
API;gopartb;workingdraft;edi2_al;user_edi2;character;x(1000);yes;UsrEdi2_gopartb;editor2Usr;opcional;workingdraft_heads                                ;usereditor2              
API;gopartb;workingdraft;est_oprtb;status;character;x(2);no;Estado;Estado del Borrador;excluido;workingdraft_heads                                ;status                   
API;gopartb;workingdraft;fae_oprt;is_invoiceable;logical;Si/No;no;Facturable;Parte de Administración Facturable;opcional;workingdraft_heads                                ;billable                 
API;gopartb;workingdraft;fec1_al;user_date1;date;99/99/9999;yes;UsrFec1_gopartb;fecha1Usr;opcional;workingdraft_heads                                ;date1user                
API;gopartb;workingdraft;fec2_al;user_date2;date;99/99/9999;yes;UsrFec2_gopartb;fecha2Usr;opcional;workingdraft_heads                                ;user_date2               
API;gopartb;workingdraft;fec3_al;user_date3;date;99/99/9999;yes;UsrFec3_gopartb;fecha3Usr;opcional;workingdraft_heads                                ;user_date3               
API;gopartb;workingdraft;fec_oprt;registration_date;date;99/99/9999;no;Fecha registro;Fecha registro;opcional;workingdraft_heads                                ;registration_date        
API;gopartb;workingdraft;fec_oprtb;date;date;99/99/9999;no;Fecha Borrador;Fecha Borrador;opcional;workingdraft_heads                                ;draft_date               
API;gopartb;workingdraft;hor_oprtb;hour;character;99:99;no;Hora Borrador;Hora Borrador;opcional;workingdraft_heads                                ;draft_time               
API;gopartb;workingdraft;Id_unico;unique_id;int64;99999999999999999999;no;Id único;;opcional;workingdraft_heads                                ;unique_id                
API;gopartb;workingdraft;obs_oprt;notes;character;x(800);no;Observaciones;Observaciones;opcional;workingdraft_heads                                ;notes                    
API;gopartb;workingdraft;pob_cli;city;character;x(30);no;Población;Población del Cliente;opcional;workingdraft_heads                                ;city                     
API;gopartb;workingdraft;raz_cli;business_name;character;X(100);no;Razón Social;Razón Social;opcional;workingdraft_heads                                ;business_name            
API;gopartb;workingdraft;ref_oprt;reference;character;x(20);no;Referencia;Referencia del Parte;opcional;workingdraft_heads                                ;reference                
API;gopartb;workingdraft;tel_cli;telephone;character;x(18);no;Teléfono;Teléfono del Cliente;opcional;workingdraft_heads                                ;phone_number             
API;gopartb;workingdraft;tip_cli;discount_type;integer;9;no;Tipo Dto.;Tipo de Descuento de Ventas del Cliente;excluido;workingdraft_heads                                ;discount_type            
API;gopartb;workingdraft;val_sas;currency_value;decimal;>>,>>>,>>9.999<<<<<;no;Valor Divisa;Valor Actual de la Divisa;excluido;workingdraft_heads                                ;currency_value           
API;gvalcab;deliverynotes;adj_alb;has_attachments;logical;Si/No;no;Adjuntos;Documentos adjuntos asociados;opcional;sales_delivery_note                               ;has_attachments          
API;gvalcab;deliverynotes;aga_alb;group_delivery_notes;character;x;no;Agrupar Albaranes;Introduzca (S/N/R) Agrupar Albaranes ó (R) por Referencia;opcional;sales_delivery_note                               ;group_delivery_notes     
API;gvalcab;deliverynotes;ant_alb;advance_payment_amount;decimal;>>>,>>>,>>9.99;no;Anticipo;Introduzca Importe del Anticipo;opcional;sales_delivery_note                               ;advance_payment_amount   
API;gvalcab;deliverynotes;bas_imp1;tax_base_1;decimal;->,>>>,>>>,>>9.99;no;Base Imponible [1];Valide ó Introduzca Base Imponible [1];opcional;sales_delivery_note                               ;tax_base_1               
API;gvalcab;deliverynotes;bas_imp2;tax_base_2;decimal;->,>>>,>>>,>>9.99;no;Base Imponible [2];Valide ó Introduzca Base Imponible [2];opcional;sales_delivery_note                               ;tax_base_2               
API;gvalcab;deliverynotes;bas_imp3;tax_base_3;decimal;->,>>>,>>>,>>9.99;no;Base Imponible [3];Valide ó Introduzca Base Imponible [3];opcional;sales_delivery_note                               ;tax_base_3               
API;gvalcab;deliverynotes;bin_alb;individual_parcels;integer;>>,>>9;no;Bultos Individuales;Bultos Individuales;opcional;sales_delivery_note                               ;individual_parcels       
API;gvalcab;deliverynotes;blq_alb;is_locked;logical;SI/NO;no;Bloqueo;Introduzca (SI/NO) el Albarán Está Bloqueado;opcional;sales_delivery_note                               ;is_locked                
API;gvalcab;deliverynotes;bru_alb;gross_amount;decimal;->>>,>>>,>>9.99;no;Importe Bruto;Introduzca el Importe Bruto del Albarán;opcional;sales_delivery_note                               ;gross_amount             
API;gvalcab;deliverynotes;bul_alb;parcels;integer;>>,>>9;no;Bultos;Introduzca el nº de Bultos.;opcional;sales_delivery_note                               ;parcels                  
API;gvalcab;deliverynotes;cad_fpg;due_date_cadence;integer;>>9;no;Cadencia;Introduzca la Cadencia de Días entre Vencimientos;opcional;sales_delivery_note                               ;due_date_cadence         
API;gvalcab;deliverynotes;caj_alb;cash_register_id;integer;99;no;Código Caja;Introduzca el Número de Caja que Realiza la Venta;opcional;sales_delivery_note                               ;cash_register_id         
API;gvalcab;deliverynotes;cal_est;include_in_statistics;character;x(1);no;Contabiliza Estadisitcas;;opcional;sales_delivery_note                               ;include_in_statistics    
API;gvalcab;deliverynotes;can_sas;currency_quantity;integer;>>,>>>,>>9;no;Cantidad;Introduza la cantidad monetaria;opcional;sales_delivery_note                               ;currency_quantity        
API;gvalcab;deliverynotes;char1_al;user_char1;character;X(100);yes;UsrChar1_gvalcab;character1Usr;opcional;sales_delivery_note                               ;user_char1               
API;gvalcab;deliverynotes;char2_al;user_char2;character;X(100);yes;UsrChar2_gvalcab;character2Usr;opcional;sales_delivery_note                               ;user_char2               
API;gvalcab;deliverynotes;char3_al;user_char3;character;X(100);yes;UsrChar3_gvalcab;character3Usr;opcional;sales_delivery_note                               ;user_char3               
API;gvalcab;deliverynotes;char4_al;user_char4;character;X(100);yes;UsrChar4_gvalcab;character4Usr;opcional;sales_delivery_note                               ;user_char4               
API;gvalcab;deliverynotes;char5_al;user_char5;character;X(100);yes;UsrChar5_gvalcab;character5Usr;opcional;sales_delivery_note                               ;user_char5               
API;gvalcab;deliverynotes;char6_al;user_char6;character;X(100);yes;UsrChar6_gvalcab;character6Usr;opcional;sales_delivery_note                               ;user_char6               
API;gvalcab;deliverynotes;char7_al;user_char7;character;X(100);yes;UsrChar7_gvalcab;character7Usr;opcional;sales_delivery_note                               ;user_char7               
API;gvalcab;deliverynotes;char8_al;user_char8;character;X(100);yes;UsrChar8_gvalcab;character8Usr;opcional;sales_delivery_note                               ;user_char8               
API;gvalcab;deliverynotes;cif_cli;vat_number;character;X(18);no;C.I.F.;Introduzca el C.I.F. del Cliente;opcional;sales_delivery_note                               ;vat_number               
API;gvalcab;deliverynotes;cli_amb;customer_ambit;integer;>>9;no;Ambito Cliente;Introduzca el Ambito de Cliente;opcional;sales_delivery_note                               ;customer_ambit           
API;gvalcab;deliverynotes;cod_cen;merchandise_address_id;integer;9999;no;Código Dirección Mercaderías;Introduzca el Código de la Dirección de Envío de Mercaderías;opcional;sales_delivery_note                               ;merchandise_address_id   
API;gvalcab;deliverynotes;cod_cene;shipping_address_id;integer;9999;no;Código Dirección Envio;Introduzca el Código de la Dirección de Envío;opcional;sales_delivery_note                               ;shipping_address_id      
API;gvalcab;deliverynotes;cod_cli;customer_id;integer;99999;no;Código Cliente;Introduzca Código de Cliente;opcional;sales_delivery_note                               ;customer_id              
API;gvalcab;deliverynotes;cod_coe;delivery_terms;character;X(3);no;Código Condición Entrega;Introduzca Condición de Entrega;opcional;sales_delivery_note                               ;delivery_terms           
API;gvalcab;deliverynotes;cod_def;invoicing_branch_id;integer;99;no;Código Delegación Facturación;Intoduzca la delegación;opcional;sales_delivery_note                               ;invoicing_branch_id      
API;gvalcab;deliverynotes;cod_del;branch_id;integer;99;no;Código Delegación;Intoduzca la delegación;opcional;sales_delivery_note                               ;branch_id                
API;gvalcab;deliverynotes;cod_delo;billing_branch_id;integer;99;no;Código Delegación Cobros;Introduzca la Delegación que Gestiona Cobros;opcional;sales_delivery_note                               ;billing_branch_id        
API;gvalcab;deliverynotes;cod_depo;deposit_id;integer;9999999;no;Código Depósito;Introduzca Nº de Depósito;opcional;sales_delivery_note                               ;deposit_id               
API;gvalcab;deliverynotes;cod_empl;worker_id;integer;9999;no;Código Empleado;Código del Empleado;opcional;sales_delivery_note                               ;worker_id                
API;gvalcab;deliverynotes;cod_ent;company_id;integer;99;no;Código Empresa;Intoduzca la empresa;opcional;sales_delivery_note                               ;company_id               
API;gvalcab;deliverynotes;cod_exc;expedition_id;integer;999999999;no;Código Expedición;Expedición;opcional;sales_delivery_note                               ;expedition_id            
API;gvalcab;deliverynotes;cod_fpg;payment_method_id;integer;999;no;Código Forma Pago;Introduzca la Forma de Pago para este Albarán;opcional;sales_delivery_note                               ;payment_method_id        
API;gvalcab;deliverynotes;cod_msg;message_id;character;x(3);no;Código Mensaje;Introduzca el Código del Mensaje Asociado al Albaran;opcional;sales_delivery_note                               ;message_id               
API;gvalcab;deliverynotes;cod_pai;country_id;character;x(2);no;Código Pais Dirección;Introduzca el Código del País;opcional;sales_delivery_note                               ;country_id               
API;gvalcab;deliverynotes;cod_pai_m;shipping_country_id;character;X(2);no;Código Pais Mercancías;Código de País;opcional;sales_delivery_note                               ;shipping_country_id      
API;gvalcab;deliverynotes;cod_provi;province_id;integer;99;no;Código Provincia Cliente;Introduzca el Código de la Provincia;opcional;sales_delivery_note                               ;province_id              
API;gvalcab;deliverynotes;cod_provi_m;shipping_province_id;integer;99;no;Código Provincia Entrega;Código de la Provincia de la entrega;opcional;sales_delivery_note                               ;shipping_province_id     
API;gvalcab;deliverynotes;cod_rep;sales_representative_id;integer;9999;no;Código Agente Comercial;Introduzca el Código de Representante Asignado al Albarán;opcional;sales_delivery_note                               ;sales_representative_id  
API;gvalcab;deliverynotes;cod_sas;currency_id;character;x(3);no;Código Divisa;Introduzca el Código de Divisa para este Albarán;opcional;sales_delivery_note                               ;currency_id              
API;gvalcab;deliverynotes;cod_telc;customer_contact_id;integer;99999;no;Código Telefono Activo;Introduzca Teléfono Activo.;opcional;sales_delivery_note                               ;customer_contact_id      
API;gvalcab;deliverynotes;cod_tra;carrier_id;integer;>>9;no;Código Transportista;Introduzca el Transportista a Utilizar para este Albarán;opcional;sales_delivery_note                               ;carrier_id               
API;gvalcab;deliverynotes;cod_usu;user_id;character;x(8);no;Código Usuario;Código del Usuario;opcional;sales_delivery_note                               ;user_id                  
API;gvalcab;deliverynotes;cod_via;street_type;character;X(2);no;Código Via Cliente;Introduzca Sigla de la vía pública;opcional;sales_delivery_note                               ;street_type              
API;gvalcab;deliverynotes;cod_via_m;shipping_street_type;character;X(2);no;Código Via Entrega;Código de Vía;opcional;sales_delivery_note                               ;shipping_street_type     
API;gvalcab;deliverynotes;com_alb;commision_percent;decimal;>9.99;no;% Comisión;Valide ó Introduzca el % de Comisión;opcional;sales_delivery_note                               ;commision_percent        
API;gvalcab;deliverynotes;con_alb;is_confirmed;logical;S/N;no;Conformado;Introduzca S/N Está Conformado el Albarán;opcional;sales_delivery_note                               ;is_confirmed             
API;gvalcab;deliverynotes;cos_alb;cost;decimal;->>>,>>>,>>9.99999;no;Coste;Introduzca Coste;opcional;sales_delivery_note                               ;cost                     
API;gvalcab;deliverynotes;c_cod_telc;buyer_id;character;X(10);no;Identificador Comprador;Indentificador de Comprador;opcional;sales_delivery_note                               ;buyer_id                 
API;gvalcab;deliverynotes;daf_alb;invoiced_advance_payment_branch_id;integer;99;no;Sucursal Anticipo Facturado;Intoduzca la Delegación del Anticipo Facturado;opcional;sales_delivery_note                               ;invoiced_advance_payment_
API;gvalcab;deliverynotes;dec1_al;user_dec1;decimal;->>,>>>,>>9.999;yes;UsrDec1_gvalcab;decimal1Usr;opcional;sales_delivery_note                               ;user_dec1                
API;gvalcab;deliverynotes;dec2_al;user_dec2;decimal;->>,>>>,>>9.999;yes;UsrDec2_gvalcab;decimal2Usr;opcional;sales_delivery_note                               ;user_dec2                
API;gvalcab;deliverynotes;dec3_al;user_dec3;decimal;->>,>>>,>>9.999;yes;UsrDec3_gvalcab;decimal3Usr;opcional;sales_delivery_note                               ;user_dec3                
API;gvalcab;deliverynotes;dec4_al;user_dec4;decimal;->>,>>>,>>9.999;yes;UsrDec4_gvalcab;decimal4Usr;opcional;sales_delivery_note                               ;user_dec4                
API;gvalcab;deliverynotes;dec5_al;user_dec5;decimal;->>,>>>,>>9.999;yes;UsrDec5_gvalcab;decimal5Usr;opcional;sales_delivery_note                               ;user_dec5                
API;gvalcab;deliverynotes;dec6_al;user_dec6;decimal;->>,>>>,>>9.999;yes;UsrDec6_gvalcab;decimal6Usr;opcional;sales_delivery_note                               ;user_dec6                
API;gvalcab;deliverynotes;ded_alb;is_deductible;logical;yes/no;no;Deducible;Introduzca Si/No Remisión Deducible;opcional;sales_delivery_note                               ;is_deductible            
API;gvalcab;deliverynotes;depo_alb;is_deposit;logical;SI/NO;no;Albarán destinado Depósito;Introduzca (SI/NO) el Albarán está Destinado a Depósito;opcional;sales_delivery_note                               ;is_deposit               
API;gvalcab;deliverynotes;des_fpg;due_date_displacement;integer;>>9;no;Dias Desplazamiento;Introduzca el Número de Dias Hasta el Primer Vencimiento;opcional;sales_delivery_note                               ;due_date_displacement    
API;gvalcab;deliverynotes;dir_cli;street_name;character;x(55);no;Dirección;Introduzca la Dirección del Cliente;opcional;sales_delivery_note                               ;street_name              
API;gvalcab;deliverynotes;dir_mer;shipping_street_name;character;X(55);no;Dirección Entrega;Dirección de Entrega del Pedido;opcional;sales_delivery_note                               ;shipping_street_name     
API;gvalcab;deliverynotes;doc_alb;debit_or_credit;character;x;no;Documento;Introduzca el Tipo de Docuento (F)actura (A)bono;opcional;sales_delivery_note                               ;debit_or_credit          
API;gvalcab;deliverynotes;dpo_cli;postal_code;integer;99999;no;Código Postal;Introduzca el Distrito Postal del Cliente;opcional;sales_delivery_note                               ;postal_code              
API;gvalcab;deliverynotes;dpo_mer;shipping_postal_code;integer;99999;no;Código Postal Entrega;Distrito Postal de la entrega;opcional;sales_delivery_note                               ;shipping_postal_code     
API;gvalcab;deliverynotes;dpp_alb;prompt_payment_discount;decimal;->9.99;no;Descuento Pronto Pago;Introduzca +/- % Dto. P.Pago para el Albarán;opcional;sales_delivery_note                               ;prompt_payment_discount  
API;gvalcab;deliverynotes;eaf_alb;invoiced_advance_payment_bill_number;integer;99;no;Núm. Efecto Anticipo Facturado;Introduzca el Nº del Efecto del Anticipo Facturado;opcional;sales_delivery_note                               ;invoiced_advance_payment_
API;gvalcab;deliverynotes;edi1_al;user_edi1;character;X(1000);yes;UsrEdi1_gvalcab;editor1Usr;opcional;sales_delivery_note                               ;user_edi1                
API;gvalcab;deliverynotes;edi2_al;user_edi2;character;X(1000);yes;UsrEdi2_gvalcab;editor2Usr;opcional;sales_delivery_note                               ;user_edi2                
API;gvalcab;deliverynotes;eex_alb;expedition_state;character;X(1);no;Estado Expedición;Introduzca el estado de la expedición;opcional;sales_delivery_note                               ;expedition_state         
API;gvalcab;deliverynotes;ema_alb;sent_by_email;logical;Si/No;no;Enviado por Email;;opcional;sales_delivery_note                               ;sent_by_email            
API;gvalcab;deliverynotes;ema_mer;email;character;X(60);no;E-mail;E-mail;opcional;sales_delivery_note                               ;email                    
API;gvalcab;deliverynotes;emb_alb;packaging_cost;decimal;->>>,>>9.99;no;Embalaje;Introduzca el valor del embalaje;opcional;sales_delivery_note                               ;packaging_cost           
API;gvalcab;deliverynotes;esta_alb;state;character;x(1);no;Estado;Estado del Albarán;opcional;sales_delivery_note                               ;state                    
API;gvalcab;deliverynotes;est_alb;document_state;character;x;no;Estado Abonos;(A)ceptado (P)endiente (R)echazado;opcional;sales_delivery_note                               ;document_state           
API;gvalcab;deliverynotes;evt_alb;sale_state;character;x;no;Estado Venta;;opcional;sales_delivery_note                               ;sales_state              
API;gvalcab;deliverynotes;exp_alb;has_expedition;logical;S/N;no;Expedición;Tiene albarán de Expedición;opcional;sales_delivery_note                               ;has_expedition           
API;gvalcab;deliverynotes;faf_alb;invoiced_advance_payment_invoice_id;integer;999999999;no;Factura Anticipo Facturado;Introduzca el Número de la Factura del Anticipo Facturado;opcional;sales_delivery_note                               ;invoiced_advance_payment_
API;gvalcab;deliverynotes;fax_alb;sent_by_fax;logical;Si/No;no;Enviado por Fax;;opcional;sales_delivery_note                               ;sent_by_fax              
API;gvalcab;deliverynotes;fax_mer;fax;character;X(18);no;Fax Entrega;Fax de la dirección de entrega;opcional;sales_delivery_note                               ;fax                      
API;gvalcab;deliverynotes;fec1_al;user_date1;date;99/99/9999;yes;UsrFec1_gvalcab;fecha1Usr;opcional;sales_delivery_note                               ;user_fec1                
API;gvalcab;deliverynotes;fec2_al;user_date2;date;99/99/9999;yes;UsrFec2_gvalcab;fecha2Usr;opcional;sales_delivery_note                               ;user_fec2                
API;gvalcab;deliverynotes;fec3_al;user_date3;date;99/99/9999;yes;UsrFec3_gvalcab;fecha3Usr;opcional;sales_delivery_note                               ;user_fec3                
API;gvalcab;deliverynotes;fec_alb;date;date;99/99/9999;no;Fecha;Introduzca la Fecha del Albarán;opcional;sales_delivery_note                               ;date                     
API;gvalcab;deliverynotes;fec_env;shipping_date;date;99/99/9999;no;Fecha Envio;Introduzca la Fecha de Envio al Cliente;opcional;sales_delivery_note                               ;shipping_date            
API;gvalcab;deliverynotes;ffc_alb;fixed_payment_date;date;99/99/9999;no;Fecha Fija Cobro;Introduzca la Fecha de Cobro del Albarán;opcional;sales_delivery_note                               ;fixed_payment_date       
API;gvalcab;deliverynotes;fir_alb;is_signed;logical;Si/No;no;Firmado;Si/No el albarán tiene una firma asociada;opcional;sales_delivery_note                               ;is_signed                
API;gvalcab;deliverynotes;fum_alb;last_modified_date;date;99/99/9999;no;Fecha Última Modificación;Fecha Última Modificación;opcional;sales_delivery_note                               ;last_modified_date       
API;gvalcab;deliverynotes;hor_alb;registration_time;character;x(8);no;Hora Sistema;Hora en la que se generó el albarán;opcional;sales_delivery_note                               ;registration_time        
API;gvalcab;deliverynotes;hum_alb;last_modified_time;character;99:99;no;Hora Última Modificación;Hora Última Modificación;opcional;sales_delivery_note                               ;last_modified_time       
API;gvalcab;deliverynotes;Id_unico;unique_id;Int64;99999999999999999999;no;Identificador único;;opcional;sales_delivery_note                               ;unique_id                
API;gvalcab;deliverynotes;iffc_alb;has_fixed_payment_date;logical;SI/NO;no;Fecha Cobro;Introduzca (SI/NO) el Albarán tiene Fecha Cobro Fija;opcional;sales_delivery_note                               ;has_fixed_payment_date   
API;gvalcab;deliverynotes;iiv_alb1;vat_amount_1;decimal;->>>,>>>,>>9.99;no;Importe IVA [1];Importe del IVA [1];opcional;sales_delivery_note                               ;vat_amount_1             
API;gvalcab;deliverynotes;iiv_alb2;vat_amount_2;decimal;->>>,>>>,>>9.99;no;Importe IVA [2];Importe del IVA [2];opcional;sales_delivery_note                               ;vat_amount_2             
API;gvalcab;deliverynotes;iiv_alb3;vat_amount_3;decimal;->>>,>>>,>>9.99;no;Importe IVA [3];Importe del IVA [3];opcional;sales_delivery_note                               ;vat_amount_3             
API;gvalcab;deliverynotes;ipb_alb;retention_base;decimal;>>>,>>>,>>9.99;no;Base Imponible IRPF;Introduzca la Base a la que se Aplica el % de IRPF;opcional;sales_delivery_note                               ;retention_base           
API;gvalcab;deliverynotes;ipc_alb;pending_payment_amount;decimal;>>>,>>>,>>9.99;no;Importe Pendiente de Cobro;Importe Pendiente de Cobro;opcional;sales_delivery_note                               ;pending_payment_amount   
API;gvalcab;deliverynotes;ipf_alb;retention_rate;decimal;>9.99;no;IRPF;Introduzca el % de IRPF a Aplicar en el  Albarán;opcional;sales_delivery_note                               ;retention_rate           
API;gvalcab;deliverynotes;ipi_alb;retention_amount;decimal;>,>>>,>>9.99;no;Importe IRPF;Valide ó Introduzca el Importe del IRPF;opcional;sales_delivery_note                               ;retention_amount         
API;gvalcab;deliverynotes;ipr_alb;printed;logical;SI/NO;no;Impreso;Introduzca (SI/NO) el Albarán Está Impreso;opcional;sales_delivery_note                               ;printed                  
API;gvalcab;deliverynotes;irq_alb1;sales_equalization_amount_1;decimal;->>>,>>>,>>9.99;no;Importe Recargo Equivalencia 1;Importe del Recargo de Equivalencia [1];opcional;sales_delivery_note                               ;sales_equalization_amount
API;gvalcab;deliverynotes;irq_alb2;sales_equalization_amount_2;decimal;->>>,>>>,>>9.99;no;Importe Recargo Equivalencia 2;Importe del Recargo de Equivalencia [2];opcional;sales_delivery_note                               ;sales_equalization_amount
API;gvalcab;deliverynotes;irq_alb3;sales_equalization_amount_3;decimal;->>>,>>>,>>9.99;no;Importe Recargo Equivalencia 3;Importe del Recargo de Equivalencia [3];opcional;sales_delivery_note                               ;sales_equalization_amount
API;gvalcab;deliverynotes;iva_alb1;vat_rate_1;decimal;>9.99;no;Porcentaje IVA [1];Introduzca el % de IVA [1];opcional;sales_delivery_note                               ;vat_rate_1               
API;gvalcab;deliverynotes;iva_alb2;vat_rate_2;decimal;>9.99;no;Porcentaje IVA [2];Introduzca el % de IVA [2];opcional;sales_delivery_note                               ;vat_rate_2               
API;gvalcab;deliverynotes;iva_alb3;vat_rate_3;decimal;>9.99;no;Porcentaje IVA [3];Introduzca el % de IVA [3];opcional;sales_delivery_note                               ;vat_rate_3               
API;gvalcab;deliverynotes;lcod_aut;pending_authorizations;character;x(40);no;Autorizaciones Pendientes;Autorizaciones Pendientes;opcional;sales_delivery_note                               ;pending_authorizations   
API;gvalcab;deliverynotes;mau_alb;has_authorized_margins;logical;yes/no;no;Márgenes Autorizados;Márgenes Autorizados;opcional;sales_delivery_note                               ;has_authorized_margins   
API;gvalcab;deliverynotes;niv_alb;periodicity;integer;99;no;Periodicidad;Periodicidad;opcional;sales_delivery_note                               ;periodicity              
API;gvalcab;deliverynotes;num_alb;sale_delivery_note_id;integer;999999999;no;Número Albarán Venta;Introduzca el Número del Albarán de Cliente;opcional;sales_delivery_note                               ;sales_delivery_note_id   
API;gvalcab;deliverynotes;num_avi;notification_id;integer;9999999;no;Número Aviso;Número de Aviso de Reparación;opcional;sales_delivery_note                               ;notification_id          
API;gvalcab;deliverynotes;num_cli;street_number;character;X(4);no;Número;Introduzca número de la vía pública;opcional;sales_delivery_note                               ;street_number            
API;gvalcab;deliverynotes;num_dec;branch_delivery_note_id;integer;9999999;no;Número Albarán Delegación;Introduzca el Número del Albarán de Delegación;opcional;sales_delivery_note                               ;branch_delivery_note_id  
API;gvalcab;deliverynotes;num_fac;sale_invoice_id;integer;999999999;no;Número Factura Venta;Introduzca el Número de la Factura de Cliente;opcional;sales_delivery_note                               ;sales_invoice_id         
API;gvalcab;deliverynotes;num_mer;shipping_street_number;character;X(4);no;Número Entrega;Número de la via de la entrega;opcional;sales_delivery_note                               ;shipping_street_number   
API;gvalcab;deliverynotes;nvt_fpg;due_dates_number;integer;99;no;Número Vencimientos;Introduzca el Número de Vencimientos a Generar;opcional;sales_delivery_note                               ;due_dates_number         
API;gvalcab;deliverynotes;obs_alb;notes;character;X(800);no;Observaciones;;opcional;sales_delivery_note                               ;notes                    
API;gvalcab;deliverynotes;ori_alb;document_origin;character;X(3);no;Origen;Introduzca Origen del Albarán;opcional;sales_delivery_note                               ;document_origin          
API;gvalcab;deliverynotes;pac_alb;from_invoiced_advance_payment;logical;Si/No;no;Proviene Anticipo Facturado;Indica si el albarán proviene de un anticipo facturado;opcional;sales_delivery_note                               ;from_invoiced_advance_pay
API;gvalcab;deliverynotes;pcli_alb;promotion_points_customer;integer;->>>,>>9;no;Puntos Promoción Cliente;;opcional;sales_delivery_note                               ;promotion_points_customer
API;gvalcab;deliverynotes;pcom_alb;promotion_points_buyer;integer;->>>,>>9;no;Puntos Promoción Comprador;;opcional;sales_delivery_note                               ;promotion_points_buyer   
API;gvalcab;deliverynotes;pco_alb;is_pending_payment;logical;Si/No;no;Pendiente de Cobro;Pendiente de Cobro;opcional;sales_delivery_note                               ;is_pending_payment       
API;gvalcab;deliverynotes;pdtv_abl;has_pending_return;logical;Si/No;no;Pendiente Devolución;;opcional;sales_delivery_note                               ;has_pending_return       
API;gvalcab;deliverynotes;pes_alb;weight;decimal;>,>>>,>>9.99;no;Peso (kg);Peso Total;opcional;sales_delivery_note                               ;weight                   
API;gvalcab;deliverynotes;plcli_alb;promotion_settled_points_customer;integer;->>>,>>9;no;Ptos. Liquidados Promoción Cli;;opcional;sales_delivery_note                               ;promotion_settled_points_
API;gvalcab;deliverynotes;plcom_alb;promotion_settled_points_buyer;integer;->>>,>>9;no;Ptos. Liquidados Promoción Com;;opcional;sales_delivery_note                               ;promotion_settled_points_
API;gvalcab;deliverynotes;pliq_alb;settled_promotion;logical;Si/No;no;Promoción Liquidada;;opcional;sales_delivery_note                               ;settled_promotion        
API;gvalcab;deliverynotes;pob_cli;city;character;x(30);no;Población Cliente;Introduzca la Población del Cliente;opcional;sales_delivery_note                               ;city                     
API;gvalcab;deliverynotes;pob_mer;shipping_city;character;X(30);no;Población Entrega;Población de la entrega;opcional;sales_delivery_note                               ;shipping_city            
API;gvalcab;deliverynotes;por_alb;shipping_cost;decimal;->>>,>>9.99;no;Portes;Introduzca el valor de los portes;opcional;sales_delivery_note                               ;shipping_cost            
API;gvalcab;deliverynotes;prec_alb;is_recomputable_promotion;logical;Si/No;no;Promoción Recalculable;;opcional;sales_delivery_note                               ;is_recomputable_promotion
API;gvalcab;deliverynotes;prom_alb;has_promotion;logical;yes/no;no;Promoción;Indicar si el albarán está sujeto a promoción;opcional;sales_delivery_note                               ;has_promotion            
API;gvalcab;deliverynotes;raz_cli;business_name;character;X(100);no;Razón Social Cliente;Introduzca la Razón Social del Cliente;opcional;sales_delivery_note                               ;business_name            
API;gvalcab;deliverynotes;raz_mer;shipping_business_name;character;X(100);no;Razón Social Entrega;Introduzca la Razón Social de la Entrega;opcional;sales_delivery_note                               ;shipping_business_name   
API;gvalcab;deliverynotes;ref2_alb;reference_2;character;x(20);no;Referencia2;Segunda Referencia del Albarán;opcional;sales_delivery_note                               ;reference_2              
API;gvalcab;deliverynotes;ref_alb;reference;character;x(20);no;Referencia;Introduzca una Referencia Interna del Albarán;opcional;sales_delivery_note                               ;reference                
API;gvalcab;deliverynotes;repl_alb;is_replicated;logical;Si/No;no;Replicado;Introduzca si el Albarán ha sido Replicado;opcional;sales_delivery_note                               ;is_replicated            
API;gvalcab;deliverynotes;req_alb1;sales_equalization_rate_1;decimal;>9.99;no;% Recargo Equivalencia [1];Introduzca % Recargo de Equivalencia [1];opcional;sales_delivery_note                               ;sales_equalization_rate_1
API;gvalcab;deliverynotes;req_alb2;sales_equalization_rate_2;decimal;>9.99;no;% Recargo Equivalencia [2];Introduzca % Recargo de Equivalencia [2];opcional;sales_delivery_note                               ;sales_equalization_rate_2
API;gvalcab;deliverynotes;req_alb3;sales_equalization_rate_3;decimal;>9.99;no;% Recargo Equivalencia [3];Introduzca % Recargo de Equivalencia [3];opcional;sales_delivery_note                               ;sales_equalization_rate_3
API;gvalcab;deliverynotes;rfi_alb;financial_surcharge_rate;decimal;->9.99;no;Porcentaje Recargo Financiero;Introduzca +/- % de Recargo Financiero del Albarán;opcional;sales_delivery_note                               ;financial_surcharge_rate 
API;gvalcab;deliverynotes;rpr_alb;pricing_reference;character;x(20);no;Referencia Precio;Referencia de Precio;opcional;sales_delivery_note                               ;pricing_reference        
API;gvalcab;deliverynotes;rva_alb;shelved_sale_reference;character;x(20);no;Referencia Venta Aparcada;Referencia Venta Aparcada;opcional;sales_delivery_note                               ;shelved_sale_reference   
API;gvalcab;deliverynotes;tel_cli;phone;character;x(18);no;Teléfono Cliente;Introduzca el Teléfono del Cliente;opcional;sales_delivery_note                               ;phone                    
API;gvalcab;deliverynotes;tel_mer;shipping_phone;character;X(18);no;Teléfono Entrega;Teléfono  de la dirección de entrega;opcional;sales_delivery_note                               ;shipping_phone           
API;gvalcab;deliverynotes;ten_alb;delivery_time;character;X(1);no;Modo Entrega;Introduzca Tipo de Entrega;opcional;sales_delivery_note                               ;delivery_time            
API;gvalcab;deliverynotes;tex_alb;delivery_type;character;X(40);no;Tipo de Entrega;Introduzca tipo de entrega: urgente, inmediata, etc.;opcional;sales_delivery_note                               ;delivery_type            
API;gvalcab;deliverynotes;tip_alb;sale_delivery_note_type;character;x;no;Tipo Albarán;Tipo Albarán: Contado, Crédito o Ticket;opcional;sales_delivery_note                               ;sales_delivery_note_type 
API;gvalcab;deliverynotes;tip_cli;discount_type;integer;9;no;Tipo Descuento;Introduzca el Tipo de Descuento de Ventas (0-8);opcional;sales_delivery_note                               ;discount_type            
API;gvalcab;deliverynotes;tot_alb;amount;decimal;->>>,>>>,>>9.99;no;Total Importe;Introduzca Importe Total;opcional;sales_delivery_note                               ;amount                   
API;gvalcab;deliverynotes;usum_alb;last_modification_user_id;character;x(8);no;Usuario Última Modificación;Usuario Última Modificación;opcional;sales_delivery_note                               ;last_modification_user_id
API;gvalcab;deliverynotes;val_alb;is_priced;logical;S/N;no;Valora;Introduzca (S/N) el Albarán se Valora;opcional;sales_delivery_note                               ;is_priced                
API;gvalcab;deliverynotes;val_sas;currency_value;decimal;>>,>>>,>>9.999<<<<<;no;Valor Actual;Introduzca el Valor Actual de la Divisa;opcional;sales_delivery_note                               ;currency_value           
API;gvalcab;deliverynotes;vol_alb;volume;decimal;>,>>>,>>9.99;no;Volumen (m3);Volumen Total;opcional;sales_delivery_note                               ;volume                   
API;gvalimp;taxs;bas_imd;tax_base;decimal;->>>,>>>,>>9.99;no;Base;Introduzca la Base;opcional;sales_deliverynote_tax                            ;tax_base                 
API;gvalimp;taxs;char1_al;user_char1;character;x(100);yes;UsrChar1_gvalimp;character1Usr;opcional;sales_deliverynote_tax                            ;user_char1               
API;gvalimp;taxs;char2_al;user_char2;character;x(100);yes;UsrChar2_gvalimp;character2Usr;opcional;sales_deliverynote_tax                            ;user_char2               
API;gvalimp;taxs;char3_al;user_char3;character;x(100);yes;UsrChar3_gvalimp;character3Usr;opcional;sales_deliverynote_tax                            ;user_char3               
API;gvalimp;taxs;char4_al;user_char4;character;x(100);yes;UsrChar4_gvalimp;character4Usr;opcional;sales_deliverynote_tax                            ;user_char4               
API;gvalimp;taxs;char5_al;user_char5;character;x(100);yes;UsrChar5_gvalimp;character5Usr;opcional;sales_deliverynote_tax                            ;user_char5               
API;gvalimp;taxs;char6_al;user_char6;character;x(100);yes;UsrChar6_gvalimp;character6Usr;opcional;sales_deliverynote_tax                            ;user_char6               
API;gvalimp;taxs;char7_al;user_char7;character;x(100);yes;UsrChar7_gvalimp;character7Usr;opcional;sales_deliverynote_tax                            ;user_char7               
API;gvalimp;taxs;char8_al;user_char8;character;x(100);yes;UsrChar8_gvalimp;character8Usr;opcional;sales_deliverynote_tax                            ;user_char8               
API;gvalimp;taxs;cod_imd;tax_id;integer;99;no;Código Tipo Impuesto;Introduzca el Código de Tipo de Impuesto;opcional;sales_deliverynote_tax                            ;tax_id                   
API;gvalimp;taxs;cod_imp;tax_type;integer;99;no;Tipo Impuesto;Introduzca el Tipo de Impuesto;opcional;sales_deliverynote_tax                            ;tax_type                 
API;gvalimp;taxs;dec1_al;user_dec1;decimal;->>,>>>,>>9.999;yes;UsrDec1_gvalimp;decimal1Usr;opcional;sales_deliverynote_tax                            ;user_dec1                
API;gvalimp;taxs;dec2_al;user_dec2;decimal;->>,>>>,>>9.999;yes;UsrDec2_gvalimp;decimal2Usr;opcional;sales_deliverynote_tax                            ;user_dec2                
API;gvalimp;taxs;dec3_al;user_dec3;decimal;->>,>>>,>>9.999;yes;UsrDec3_gvalimp;decimal3Usr;opcional;sales_deliverynote_tax                            ;user_dec3                
API;gvalimp;taxs;dec4_al;user_dec4;decimal;->>,>>>,>>9.999;yes;UsrDec4_gvalimp;decimal4Usr;opcional;sales_deliverynote_tax                            ;user_dec4                
API;gvalimp;taxs;dec5_al;user_dec5;decimal;->>,>>>,>>9.999;yes;UsrDec5_gvalimp;decimal5Usr;opcional;sales_deliverynote_tax                            ;user_dec5                
API;gvalimp;taxs;dec6_al;user_dec6;decimal;->>,>>>,>>9.999;yes;UsrDec6_gvalimp;decimal6Usr;opcional;sales_deliverynote_tax                            ;user_dec6                
API;gvalimp;taxs;edi1_al;user_edi1;character;x(1000);yes;UsrEdi1_gvalimp;editor1Usr;opcional;sales_deliverynote_tax                            ;user_edi1                
API;gvalimp;taxs;edi2_al;user_edi2;character;x(1000);yes;UsrEdi2_gvalimp;editor2Usr;opcional;sales_deliverynote_tax                            ;user_edi2                
API;gvalimp;taxs;fec1_al;user_date1;date;99/99/9999;yes;UsrFec1_gvalimp;fecha1Usr;opcional;sales_deliverynote_tax                            ;user_fec1                
API;gvalimp;taxs;fec2_al;user_date2;date;99/99/9999;yes;UsrFec2_gvalimp;fecha2Usr;opcional;sales_deliverynote_tax                            ;user_fec2                
API;gvalimp;taxs;fec3_al;user_date3;date;99/99/9999;yes;UsrFec3_gvalimp;fecha3Usr;opcional;sales_deliverynote_tax                            ;user_fec3                
API;gvalimp;taxs;imp_imd;tax_amount;decimal;->>>,>>>,>>9.99;no;Importe;Introduzca el Importe;opcional;sales_deliverynote_tax                            ;tax_amount               
API;gvalimp;taxs;por_imd;tax_rate;decimal;->9.99;no;Porcentaje;Introduzca el Porcentaje;opcional;sales_deliverynote_tax                            ;tax_rate                 
API;gvallin;lines;agr_abl;group;character;x(2);no;Agrupación;Agrupación;opcional;sales_document_line                               ;group                    
API;gvallin;lines;art_amb;product_ambit;integer;>>9;no;Ambito Artículo;Introduzca el Ambito del Articulo;opcional;sales_document_line                               ;product_ambit            
API;gvallin;lines;ati_abl;is_accounted;logical;S/N;no;Línea Contabilizada;Indica si la venta es atípica;opcional;sales_document_line                               ;is_accounted             
API;gvallin;lines;atp_abl;is_atypical_sale;logical;Si/No;no;Venta Atípica;Venta Atípica;opcional;sales_document_line                               ;is_atypical_sale         
API;gvallin;lines;canc_abl;purchase_quantity;decimal;->>>,>>9.999;no;Cantidad Compra;Cantidad de Compra de la Línea de Detalle;opcional;sales_document_line                               ;purchase_quantity        
API;gvallin;lines;can_abl;quantity;decimal;->,>>>,>>9.999;no;Cantidad;Introduzca +/- la Cantidad de Venta;opcional;sales_document_line                               ;quantity                 
API;gvallin;lines;cdv_abl;returned_quantity;decimal;>,>>>,>>9.99;no;Cantidad Devuelta;Introduzca la Cantidad Devuelta;opcional;sales_document_line                               ;returned_quantity        
API;gvallin;lines;char1_al;user_char1;character;x(100);yes;UsrChar1_gvallin;character1Usr;opcional;sales_document_line                               ;user_char1               
API;gvallin;lines;char2_al;user_char2;character;x(100);yes;UsrChar2_gvallin;character2Usr;opcional;sales_document_line                               ;user_char2               
API;gvallin;lines;char3_al;user_char3;character;x(100);yes;UsrChar3_gvallin;character3Usr;opcional;sales_document_line                               ;user_char3               
API;gvallin;lines;char4_al;user_char4;character;x(100);yes;UsrChar4_gvallin;character4Usr;opcional;sales_document_line                               ;user_char4               
API;gvallin;lines;char5_al;user_char5;character;x(100);yes;UsrChar5_gvallin;character5Usr;opcional;sales_document_line                               ;user_char5               
API;gvallin;lines;char6_al;user_char6;character;x(100);yes;UsrChar6_gvallin;character6Usr;opcional;sales_document_line                               ;user_char6               
API;gvallin;lines;char7_al;user_char7;character;x(100);yes;UsrChar7_gvallin;character7Usr;opcional;sales_document_line                               ;user_char7               
API;gvallin;lines;char8_al;user_char8;character;x(100);yes;UsrChar8_gvallin;character8Usr;opcional;sales_document_line                               ;user_char8               
API;gvallin;lines;cod_acto;activity_id;integer;9999;no;Código Actividad;Actividad de Presupuesto;opcional;sales_document_line                               ;activity_id              
API;gvallin;lines;cod_adu;customs_id;character;x(16);no;Aduana;Introduzca Aduana;opcional;sales_document_line                               ;customs_id               
API;gvallin;lines;cod_art;product_id;character;x(24);no;Código Artículo;Introduzca el Código del Artículo;opcional;sales_document_line                               ;product_id               
API;gvallin;lines;cod_artp;sale_order_product_id;character;X(24);no;Código Artículo Pedido;Introduzca el Código del Artículo del Pedido;opcional;sales_document_line                               ;sales_order_product_id   
API;gvallin;lines;cod_cpc;sale_order_id;integer;9999999;no;Pedido Venta;Introduzca el Número del Pedido;opcional;sales_document_line                               ;sales_order_id           
API;gvallin;lines;cod_def;invoicing_branch_id;integer;99;no;Código Delegación Factura;Intoduzca la delegación;opcional;sales_document_line                               ;invoicing_branch_id      
API;gvallin;lines;cod_del;branch_id;integer;99;no;Código Delegación;Intoduzca la delegación;opcional;sales_document_line                               ;branch_id                
API;gvallin;lines;cod_depo;deposit_id;integer;9999999;no;Depósito;Introduzca Nº de Depósito;opcional;sales_document_line                               ;deposit_id               
API;gvallin;lines;cod_empl;worker_id;integer;9999;no;Código Empleado;Introduzca Código de Operario;opcional;sales_document_line                               ;worker_id                
API;gvallin;lines;cod_iva;vat_id;integer;99;no;Código IVA;Introduzca el Código de IVA;opcional;sales_document_line                               ;vat_id                   
API;gvallin;lines;cod_ivap;sale_order_vat_id;integer;>9;no;Código IVA Pedido;Introduzca el Código de IVA del Pedido;opcional;sales_document_line                               ;sales_order_vat_id       
API;gvallin;lines;cod_mar;brand_id;integer;Z999;no;Código Marca;Introduzca el Código de la Marca;opcional;sales_document_line                               ;brand_id                 
API;gvallin;lines;cod_obr;work_project_id;integer;999999999;no;Código Obra;Código de Obra;opcional;sales_document_line                               ;work_project_id          
API;gvallin;lines;cod_ocer;certification_id;integer;9999999;no;Código Certificación;Certificación;opcional;sales_document_line                               ;certification_id         
API;gvallin;lines;cod_opec;work_delivery_id;integer;9999999;no;Código Parte de Entrega;Parte de Entrega;opcional;sales_document_line                               ;work_delivery_id         
API;gvallin;lines;cod_oprl;work_document_line_number;integer;9999999;no;Id.Línea Parte;Identificador de la línea de Parte en una Modif. de Línea Fact.;opcional;sales_document_line                               ;work_document_line_number
API;gvallin;lines;cod_oprt;work_document_id;integer;999999999;no;Código Parte;Parte;opcional;sales_document_line                               ;work_document_id         
API;gvallin;lines;cod_pfa;sale_preinvoice_id;integer;9999999;no;Código Prefactura;Número de Prefactura;opcional;sales_document_line                               ;sales_preinvoice_id      
API;gvallin;lines;cod_pon;sale_preinvoice_item_number;integer;9999;no;Número Concepto;Número de Concepto;opcional;sales_document_line                               ;sales_preinvoice_item_num
API;gvallin;lines;cod_pro;vendor_id;integer;9999;no;Código Proveedor;Código del Proveedor de la Condición de Compra;opcional;sales_document_line                               ;vendor_id                
API;gvallin;lines;cod_proc;origin_id;character;X(3);no;Código Procedencia;Introduzca la Procedencia;opcional;sales_document_line                               ;origin_id                
API;gvallin;lines;cod_rep;sales_representative_id;integer;9999;no;Código Agente Comercial;Introduzca el Código de Representante;opcional;sales_document_line                               ;sales_representative_id  
API;gvallin;lines;cod_sac;subactivity_id;integer;9999;no;Código Subactividad;SubActividad de Presupuesto;opcional;sales_document_line                               ;subactivity_id           
API;gvallin;lines;cod_sasc;purchase_currency_id;character;x(3);no;Código Divisa Compra;Código de Divisa de la Condición de Compra;opcional;sales_document_line                               ;purchase_currency_id     
API;gvallin;lines;cod_uea;packing_unit_id;character;X(2);no;Unidad Embalaje;Introduzca la Unidad de Embalaje;opcional;sales_document_line                               ;packing_unit_id          
API;gvallin;lines;cod_ueac;purchase_packing_unit;character;x(2);no;Unidad Embalaje Compra;Código de la Unidad de Embalaje de Compra;opcional;sales_document_line                               ;purchase_packing_unit    
API;gvallin;lines;cod_ueap;sale_order_packing_unit;character;X(2);no;Unidad de Embalaje;Introduzca la Unidad de Embalaje del Pedido;opcional;sales_document_line                               ;sales_order_packing_unit 
API;gvallin;lines;cod_um_p;measurement_unit_weight;character;x(2);no;Unidad Medida Peso;Unidad de Medida del Peso;opcional;sales_document_line                               ;measurement_unit_weight  
API;gvallin;lines;cod_um_v;measurement_unit_volume;character;x(2);no;Unidad Medida Volumen;Unidad de Medida de Volumen;opcional;sales_document_line                               ;measurement_unit_volume  
API;gvallin;lines;com_rep;direct_commission;decimal;>9.99;no;Comisión Directa;Introduzca la Comisión Directa del Representante;opcional;sales_document_line                               ;direct_commission        
API;gvallin;lines;cos_abl;cost;decimal;>>>,>>>,>>9.99999;no;Coste;Introduzca el Coste de la Venta;opcional;sales_document_line                               ;cost                     
API;gvallin;lines;cpe_lpc;sale_order_quantity;decimal;>,>>>,>>9.99;no;Cantidad Pedida;Introduzca la Cantidad Pedida del Artículo;opcional;sales_document_line                               ;sales_order_quantity     
API;gvallin;lines;cpre_abl;predial_tax_account;character;x(20);no;Cuenta Predial;Cuenta Predial;opcional;sales_document_line                               ;predial_tax_account      
API;gvallin;lines;ctl_art;product_code_corporative;character;x(20);no;Código Telematel;Introduzca el Código Telematel;opcional;sales_document_line                               ;product_code_corporative 
API;gvallin;lines;cueac_abl;purchase_packing_unit_quantity;decimal;>>>,>>9.99;no;Cantidad Unidad Embalaj Compra;Cantidad de Precio de la Condición de Compra;opcional;sales_document_line                               ;purchase_packing_unit_qua
API;gvallin;lines;cuea_lpc;sale_order_packing_unit_quantity;decimal;>>>,>>9.99;no;Cantidad Unidad Embalaje;Introduzca Cantidad de Unidad de Embalaje.;opcional;sales_document_line                               ;sales_order_packing_unit_
API;gvallin;lines;cuea_pres;price_quantity;decimal;>>>,>>9.99;no;Cantidad Unidad Embalaje;Introduzca Cantidad de Unidad de Embalaje.;opcional;sales_document_line                               ;price_quantity           
API;gvallin;lines;dan_abl;advance_payment_discount_amount;decimal;->>>,>>>,>>9.99;no;Importe Descuento Anticipos;Introduzca el Importe Dto. Anticipos;opcional;sales_document_line                               ;advance_payment_discount_
API;gvallin;lines;dec1_al;user_dec1;decimal;->>,>>>,>>9.999;yes;UsrDec1_gvallin;decimal1Usr;opcional;sales_document_line                               ;user_dec1                
API;gvallin;lines;dec2_al;user_dec2;decimal;->>,>>>,>>9.999;yes;UsrDec2_gvallin;decimal2Usr;opcional;sales_document_line                               ;user_dec2                
API;gvallin;lines;dec3_al;user_dec3;decimal;->>,>>>,>>9.999;yes;UsrDec3_gvallin;decimal3Usr;opcional;sales_document_line                               ;user_dec3                
API;gvallin;lines;dec4_al;user_dec4;decimal;->>,>>>,>>9.999;yes;UsrDec4_gvallin;decimal4Usr;opcional;sales_document_line                               ;user_dec4                
API;gvallin;lines;dec5_al;user_dec5;decimal;->>,>>>,>>9.999;yes;UsrDec5_gvallin;decimal5Usr;opcional;sales_document_line                               ;user_dec5                
API;gvallin;lines;dec6_al;user_dec6;decimal;->>,>>>,>>9.999;yes;UsrDec6_gvallin;decimal6Usr;opcional;sales_document_line                               ;user_dec6                
API;gvallin;lines;dell_abl;description_long;character;X(800);no;Descripción Ampliada;Descripción Ampliada;opcional;sales_document_line                               ;description_long         
API;gvallin;lines;del_car;debit_delivery_note_branch_id;integer;99;no;Código Delegación AlbaránCargo;;opcional;sales_document_line                               ;debit_delivery_note_branc
API;gvallin;lines;del_des;target_branch_id;character;x(2);no;Delegación Destino;Delegación que Servirá el Pedido;opcional;sales_document_line                               ;target_branch_id         
API;gvallin;lines;depo_abl;is_deposit;logical;SI/NO;no;Destino Depósito;Introduzca (SI/NO) la Línea está Destinado a Depósito;opcional;sales_document_line                               ;is_deposit               
API;gvallin;lines;deti_abl;has_printable_detail;logical;Si/No;no;Detalle Impresión;Posee detalle para impresión;opcional;sales_document_line                               ;has_printable_detail     
API;gvallin;lines;det_art;description;character;x(800);no;Descripción;Introduzca la Descripción;opcional;sales_document_line                               ;description              
API;gvallin;lines;dnum_alb;drp_delivery_note_id;integer;999999999;no;Albarán DRP;Introduzca el Número del Albarán DRP;opcional;sales_document_line                               ;drp_delivery_note_id     
API;gvallin;lines;dt1c_abl;purchase_discount_1;decimal;->9.99;no;Descuento 1 Compra;Descuento 1 Compra;opcional;sales_document_line                               ;purchase_discount_1      
API;gvallin;lines;dt1_abl;discount_1;decimal;->9.99;no;Descuento Primero;Introduzca los Dtos. de Venta para este Artículo;opcional;sales_document_line                               ;discount_1               
API;gvallin;lines;dt1_lpc;sale_order_discount_1;decimal;->9.99;no;Descuento Primero Pedido;Introduzca los Dtos. de Venta para este Artículo;opcional;sales_document_line                               ;sales_order_discount_1   
API;gvallin;lines;dt2c_abl;purchase_discount_2;decimal;->9.99;no;Descuento 2 Compra;Descuento 2 Compra;opcional;sales_document_line                               ;purchase_discount_2      
API;gvallin;lines;dt2_abl;discount_2;decimal;->9.99;no;Descuento Segundo;Introduzca los Dtos. de Venta para este Artículo;opcional;sales_document_line                               ;discount_2               
API;gvallin;lines;dt2_lpc;sale_order_discount_2;decimal;->9.99;no;Descuento Segundo Pedido;Introduzca los Dtos. de Venta para este Artículo;opcional;sales_document_line                               ;sales_order_discount_2   
API;gvallin;lines;dt3c_abl;purchase_discount_3;decimal;->9.99;no;Descuento 3 Compra;Descuento 3 Compra;opcional;sales_document_line                               ;purchase_discount_3      
API;gvallin;lines;dt3_abl;discount_3;decimal;->9.99;no;Descuento Tercero;Introduzca los Dtos. de Venta para este Artículo;opcional;sales_document_line                               ;discount_3               
API;gvallin;lines;dt3_lpc;sale_order_discount_3;decimal;->9.99;no;Descuento Tercero Pedido;Introduzca los Dtos. de Venta para este Artículo;opcional;sales_document_line                               ;sales_order_discount_3   
API;gvallin;lines;edi1_al;user_edi1;character;x(1000);yes;UsrEdi1_gvallin;editor1Usr;opcional;sales_document_line                               ;user_edi1                
API;gvallin;lines;edi2_al;user_edi2;character;x(1000);yes;UsrEdi2_gvallin;editor2Usr;opcional;sales_document_line                               ;user_edi2                
API;gvallin;lines;fec1_al;user_date1;date;99/99/9999;yes;UsrFec1_gvallin;fecha1Usr;opcional;sales_document_line                               ;user_fec1                
API;gvallin;lines;fec2_al;user_date2;date;99/99/9999;yes;UsrFec2_gvallin;fecha2Usr;opcional;sales_document_line                               ;user_fec2                
API;gvallin;lines;fec3_al;user_date3;date;99/99/9999;yes;UsrFec3_gvallin;fecha3Usr;opcional;sales_document_line                               ;user_fec3                
API;gvallin;lines;fec_adu;customs_date_expedition;date;99/99/9999;no;Fecha Expedición Aduana;Introduzca Fecha Expedición Aduana;opcional;sales_document_line                               ;customs_date_expedition  
API;gvallin;lines;fec_alb;date;date;99/99/9999;no;UsrFec_gvallin;Introduzca la Fecha del Albarán;opcional;sales_document_line                               ;date                     
API;gvallin;lines;idAg_abl;group_id;integer;99,999,999;no;Identificador Agrupación;Identificador Agrupación;opcional;sales_document_line                               ;group_id                 
API;gvallin;lines;id_gvaldel;branch_delivery_note_line_id;integer;99,999,999;no;Id Lineas Albarán Delegacion;id de líneas de albaranes delegación;opcional;sales_document_line                               ;branch_delivery_note_line
API;gvallin;lines;id_gvallin;line_id;integer;99,999,999;no;Identificador  Lineas Albarán;id_gvallin;opcional;sales_document_line                               ;line_id                  
API;gvallin;lines;impf_lin;work_document_invoice_amount;decimal;->>>,>>>,>>9.99;no;Importe Factura Parte Admin.;Importe de la Factura de Parte de Administración;opcional;sales_document_line                               ;work_document_invoice_amo
API;gvallin;lines;importe;amount;decimal;->>>,>>>,>>9.99;no;Importe Total linea;;opcional;sales_document_line                               ;amount                   
API;gvallin;lines;imp_lpc;sale_order_amount;decimal;>>>,>>>,>>9.99;no;Importe Pedido;Intoduzca Importe del Pedido;opcional;sales_document_line                               ;sales_order_amount       
API;gvallin;lines;inc_abl;increment;decimal;->9.99;no;Incremento;Introduzca % Incremento Sobre el Coste;opcional;sales_document_line                               ;increment                
API;gvallin;lines;inc_fac;include_in_invoice;logical;S/N;no;Incluir Factura;;opcional;sales_document_line                               ;include_in_invoice       
API;gvallin;lines;intr_abl;is_intrastat;logical;S/N;no;Intrastat;Intrastat;opcional;sales_document_line                               ;is_intrastat             
API;gvallin;lines;ipv_fac;is_unscheduled;logical;S/N;no;Imprevisto;Informa si la línea es un Imprevisto;opcional;sales_document_line                               ;is_unscheduled           
API;gvallin;lines;itas_abl;tax_amount;decimal;->,>>>,>>9.999;no;Importe Tasa;Importe Tasa;opcional;sales_document_line                               ;tax_amount               
API;gvallin;lines;iva_iva;tax_rate;decimal;>9.99;no;% IVA;Introduzca el Porcentaje de IVA;opcional;sales_document_line                               ;tax_rate                 
API;gvallin;lines;lin_abl;delivery_note_line_number;integer;9999;no;Número Línea Albarán;Introduzca el Numero de la Linea del Albarán;opcional;sales_document_line                               ;delivery_note_line_number
API;gvallin;lines;lin_all;purchase_delivery_note_line_number;integer;999;no;Número Linea Albarán Compra;Introduzca el Numero de la Linea del Albarán;opcional;sales_document_line                               ;purchase_delivery_note_li
API;gvallin;lines;lin_car;debit_line_number;integer;999;no;Número Línea Cargo;Introduzca Línea de Cargo (Solo Abonos);opcional;sales_document_line                               ;debit_line_number        
API;gvallin;lines;lin_fac;sale_invoice_line_number;integer;9999;no;Número Línea Factura;Introduzca el Numero de la Linea del Factura;opcional;sales_document_line                               ;sales_invoice_line_number
API;gvallin;lines;lin_lpc;sale_order_line_number;integer;9999;no;Número Línea Pedido;Introduzca el Numero de la Linea del Pedido;opcional;sales_document_line                               ;sales_order_line_number  
API;gvallin;lines;mat_bob;plate_number;character;x(20);no;Matrícula;Introduzca la Matrícula de la Bobina;opcional;sales_document_line                               ;plate_number             
API;gvallin;lines;mod_abl;is_editable;character;X;no;Modificable;;opcional;sales_document_line                               ;is_editable              
API;gvallin;lines;nom_mar;brand_name;character;X(40);no;Nombre Marca;Introduzca el Nombre de la Marca;opcional;sales_document_line                               ;brand_name               
API;gvallin;lines;num_abo;credit_invoice_id;integer;999999999;no;Número Factura Abono;Introduzca el Número de la Factura de Cliente;opcional;sales_document_line                               ;credit_invoice_id        
API;gvallin;lines;num_adu;customs_document;character;x(16);no;Número Documento Aduanero;Introduzca Número Documento Aduanero;opcional;sales_document_line                               ;customs_document         
API;gvallin;lines;num_alb;sale_delivery_note_id;integer;999999999;no;Albarán Venta;Introduzca el Número del Albarán;opcional;sales_document_line                               ;sales_delivery_note_id   
API;gvallin;lines;num_alc;purchase_delivery_note_id;integer;9999999;no;Albarán Compra;Introduzca el Número de Albarán;opcional;sales_document_line                               ;purchase_delivery_note_id
API;gvallin;lines;num_car;debit_delivery_note_id;integer;999999999;no;Número Albarán Cargo;Introduzca el Número del Albarán de Cargo;opcional;sales_document_line                               ;debit_delivery_note_id   
API;gvallin;lines;num_dec;branch_delivery_note_id;integer;9999999;no;Número Albarán Delegación;Introduzca el Número del Albarán;opcional;sales_document_line                               ;branch_delivery_note_id  
API;gvallin;lines;num_fac;sale_invoice_id;integer;999999999;no;Factura Venta;Introduzca el Número de la Factura de Cliente;opcional;sales_document_line                               ;sales_invoice_id         
API;gvallin;lines;num_pre;sale_preinvoice_line_number;integer;9999;no;Número Línea Resumen;Nº Línea de Resumen;opcional;sales_document_line                               ;sales_preinvoice_line_num
API;gvallin;lines;ocos_abl;cost_origin;character;x;no;Origen Coste;Origen del Coste;opcional;sales_document_line                               ;cost_origin              
API;gvallin;lines;odt_abl;discount_origin;character;X;no;Origen descuentos;Introduzca el origen de los descuentos;opcional;sales_document_line                               ;discount_origin          
API;gvallin;lines;ord_abl;line_order;integer;999;no;Orden  Linea;Introduzca el Numero de orden;opcional;sales_document_line                               ;line_order               
API;gvallin;lines;ord_del;branch_delivery_note_line_order;integer;9999;no;Orden Pedido;Introduzca el Numero de la Linea del Albarán;opcional;sales_document_line                               ;branch_delivery_note_line
API;gvallin;lines;ori_abl;document_origin;character;X;no;Origen Línea;Introduzca el Origen de la linea.;opcional;sales_document_line                               ;document_origin          
API;gvallin;lines;ori_fac;origin_invoice;integer;999999999;no;Factura Origen;Indica la Factura Origen;opcional;sales_document_line                               ;origin_invoice           
API;gvallin;lines;pat_adu;customs_patent;character;x(4);no;Patente Aduanera;;opcional;sales_document_line                               ;customs_patent           
API;gvallin;lines;ped_adu;customs_motion;character;x(21);no;Pedimento Aduanal;;opcional;sales_document_line                               ;customs_motion           
API;gvallin;lines;pes_abl;weight;decimal;>,>>>,>>>,>>>,>>>,>>9.99;no;Peso;Peso;opcional;sales_document_line                               ;weight                   
API;gvallin;lines;pre_lpc;sale_order_price;decimal;>,>>>,>>9.999;no;Precio Venta;Introduzca el Precio de Venta Unitario;opcional;sales_document_line                               ;sales_order_price        
API;gvallin;lines;pvpc_abl;purchase_price;decimal;>>,>>>,>>9.999;no;P.V.P. Compra;P.V.P. Compra;opcional;sales_document_line                               ;purchase_price           
API;gvallin;lines;pvp_abl;price;decimal;>,>>>,>>9.999;no;Precio Venta;Introduzca el Precio de Venta Unitario en Pts;opcional;sales_document_line                               ;price                    
API;gvallin;lines;raa_abl;account_in_settlement_by_product;logical;Si/No;no;Considerar Liquidación Artic.;Desea considerar la línea en la liq. por Artículo;opcional;sales_document_line                               ;account_in_settlement_by_
API;gvallin;lines;rap_abl;rappel;decimal;->9.99;no;Rappel;;opcional;sales_document_line                               ;rappel                   
API;gvallin;lines;rav_abl;account_in_settlement;logical;Si/No;no;Considerar en la Liquidación;Desea considerar la línea en la liq.;opcional;sales_document_line                               ;account_in_settlement    
API;gvallin;lines;ref_art;product_reference;character;X(24);no;Referencia Fabricante;Introduzca la Referencia del Fabricante;opcional;sales_document_line                               ;product_reference        
API;gvallin;lines;ref_lpc;sale_order_product_reference;character;X(24);no;Referencia Artículo;Introduzca la Referencia del Fabricante del Pedido;opcional;sales_document_line                               ;sales_order_product_refer
API;gvallin;lines;req_iva;sales_equalization_rate;decimal;>9.99;no;% Recargo Equivalencia;Introduzca el Porcentaje de Recargo de Equivalencia;opcional;sales_document_line                               ;sales_equalization_rate  
API;gvallin;lines;tas_abl;has_tax;logical;S/N;no;Tasa;Indica si se Aplicará el RAEE en la Línea Detalle;opcional;sales_document_line                               ;has_tax                  
API;gvallin;lines;texto;text;character;x(800);no;Texto Largo;Introduzca Texto;opcional;sales_document_line                               ;text                     
API;gvallin;lines;tipr_abl;rappel_type;logical;Operación/Liquidación;no;Tipo rappel;;opcional;sales_document_line                               ;rappel_type              
API;gvallin;lines;tip_lin;line_type;character;X;no;Tipo línea;Introduzca Tipo de linea;opcional;sales_document_line                               ;line_type                
API;gvallin;lines;ubi_abl;is_located;logical;Si/No;no;Ubicado;¿ Ubicado ?;opcional;sales_document_line                               ;is_located               
API;gvallin;lines;vol_abl;volume;decimal;>,>>>,>>>,>>>,>>>,>>9.999;no;Volumen;Volumen;opcional;sales_document_line                               ;volume                   
API;gvfacab;salesinvoices;act_fac;is_updated;logical;S/N;no;Actualizada;Introduzca (S/N) la Factura Está Actulizada;opcional;sales_invoice                                     ;is_updated               
API;gvfacab;salesinvoices;adj_fac;has_attachments;logical;Si/No;no;Documentos Adjuntos;Documentos adjuntos asociados;opcional;sales_invoice                                     ;has_attachments          
API;gvfacab;salesinvoices;alb_fac;from_delivery_notes;logical;S/N;no;Procede de Albaranes;Indica si la Factura Procede de un Albarán;opcional;sales_invoice                                     ;from_delivery_notes      
API;gvfacab;salesinvoices;asiva_fac;vat_accounting_entry_id;integer;zzzzzz9;no;Asiento Provisión de IVA;Introduzca el Número del Asiento de Provisión de IVA;opcional;sales_invoice                                     ;vat_accounting_entry_id  
API;gvfacab;salesinvoices;asi_mov;accounting_entry_id;integer;zzzzzz9;no;Asiento;Introduzca el Número del Asiento;opcional;sales_invoice                                     ;accounting_entry_id      
API;gvfacab;salesinvoices;bas_fac1;tax_base_1;decimal;->,>>>,>>>,>>9.99;no;Base Imponible [1];Valide ó Introduzca Base Imponible [1];opcional;sales_invoice                                     ;tax_base_1               
API;gvfacab;salesinvoices;bas_fac2;tax_base_2;decimal;->,>>>,>>>,>>9.99;no;Base Imponible [2];Valide ó Introduzca Base Imponible [2];opcional;sales_invoice                                     ;tax_base_2               
API;gvfacab;salesinvoices;bas_fac3;tax_base_3;decimal;->,>>>,>>>,>>9.99;no;Base Imponible [3];Valide ó Introduzca Base Imponible [3];opcional;sales_invoice                                     ;tax_base_3               
API;gvfacab;salesinvoices;blq_fac;is_locked;logical;SI/NO;no;Bloqueada;Introduzca (SI/NO) la Factura Está Bloqueada;opcional;sales_invoice                                     ;is_locked                
API;gvfacab;salesinvoices;bru_fac;gross_amount;decimal;->>>,>>>,>>9.99;no;Importe Bruto;Introduzca el Importe Bruto de la Factura;opcional;sales_invoice                                     ;gross_amount             
API;gvfacab;salesinvoices;cad_fpg;due_date_cadence;integer;>>9;no;Cadencia;Introduzca la Cadencia de Días entre Vencimientos;opcional;sales_invoice                                     ;due_date_cadence         
API;gvfacab;salesinvoices;can_sas;currency_quantity;integer;>>,>>>,>>9;no;Cantidad Monetaria;Introduza la cantidad monetaria;opcional;sales_invoice                                     ;currency_quantity        
API;gvfacab;salesinvoices;char1_al;user_char1;character;X(100);yes;UsrChar1_gvfacab;character1Usr;opcional;sales_invoice                                     ;user_char1               
API;gvfacab;salesinvoices;char2_al;user_char2;character;X(100);yes;UsrChar2_gvfacab;character2Usr;opcional;sales_invoice                                     ;user_char2               
API;gvfacab;salesinvoices;char3_al;user_char3;character;X(100);yes;UsrChar3_gvfacab;character3Usr;opcional;sales_invoice                                     ;user_char3               
API;gvfacab;salesinvoices;char4_al;user_char4;character;X(100);yes;UsrChar4_gvfacab;character4Usr;opcional;sales_invoice                                     ;user_char4               
API;gvfacab;salesinvoices;char5_al;user_char5;character;X(100);yes;UsrChar5_gvfacab;character5Usr;opcional;sales_invoice                                     ;user_char5               
API;gvfacab;salesinvoices;char6_al;user_char6;character;X(100);yes;UsrChar6_gvfacab;character6Usr;opcional;sales_invoice                                     ;user_char6               
API;gvfacab;salesinvoices;char7_al;user_char7;character;X(100);yes;UsrChar7_gvfacab;character7Usr;opcional;sales_invoice                                     ;user_char7               
API;gvfacab;salesinvoices;char8_al;user_char8;character;X(100);yes;UsrChar8_gvfacab;character8Usr;opcional;sales_invoice                                     ;user_char8               
API;gvfacab;salesinvoices;cif_cli;vat_number;character;X(18);no;C.I.F.;Introduzca el C.I.F. del Cliente;opcional;sales_invoice                                     ;vat_number               
API;gvfacab;salesinvoices;cli_amb;customer_ambit;integer;>>9;no;Ambito Cliente;Introduzca el Código de la Empresa.;opcional;sales_invoice                                     ;customer_ambit           
API;gvfacab;salesinvoices;coc_fac;purchasing_group_commission;decimal;999.99;no;Comisión Grupo Compra;Comisión Grupo Compra;opcional;sales_invoice                                     ;purchasing_group_commissi
API;gvfacab;salesinvoices;cod_cli;customer_id;integer;99999;no;Código Cliente;Introduzca Código de Cliente;opcional;sales_invoice                                     ;customer_id              
API;gvfacab;salesinvoices;cod_def;invoicing_branch_id;integer;99;no;Código Delegación;Intoduzca la delegación;opcional;sales_invoice                                     ;invoicing_branch_id      
API;gvfacab;salesinvoices;cod_delc;accounting_branch_id;integer;99;no;Código Delegación Contabilizac;Introduzca la Delegación que Gestiona Contabilizacion;opcional;sales_invoice                                     ;accounting_branch_id     
API;gvfacab;salesinvoices;cod_deld;target_branch_id;integer;99;no;Código Delegación Destino;Introduzca la delegación destino;opcional;sales_invoice                                     ;target_branch_id         
API;gvfacab;salesinvoices;cod_delo;billing_branch_id;integer;99;no;Código Delegación Cobros;Introduzca la Delegación que Gestiona Cobros;opcional;sales_invoice                                     ;billing_branch_id        
API;gvfacab;salesinvoices;cod_ent;company_id;integer;99;no;Código Empresa;Intoduzca la empresa;opcional;sales_invoice                                     ;company_id               
API;gvfacab;salesinvoices;cod_fpg;payment_method_id;integer;999;no;Código Forma Pago;Introduzca la Forma de Pago para esta Factura;opcional;sales_invoice                                     ;payment_method_id        
API;gvfacab;salesinvoices;cod_iva1;vat_id_1;integer;>9;no;Código IVA [1];Introduzca el Código de IVA a Aplicar en la Factura [1];opcional;sales_invoice                                     ;vat_id_1                 
API;gvfacab;salesinvoices;cod_iva2;vat_id_2;integer;>9;no;Código IVA [2];Introduzca el Código de IVA a Aplicar en la Factura [2];opcional;sales_invoice                                     ;vat_id_2                 
API;gvfacab;salesinvoices;cod_iva3;vat_id_3;integer;>9;no;Código IVA [3];Introduzca el Código de IVA a Aplicar en la Factura [3];opcional;sales_invoice                                     ;vat_id_3                 
API;gvfacab;salesinvoices;cod_msg;message_id;character;x(3);no;Código Mensaje;Introduzca el Código del Mensaje Asociado a la Factura;opcional;sales_invoice                                     ;message_id               
API;gvfacab;salesinvoices;cod_pai;country_id;character;x(2);no;Código País;Introduzca el Código del País;opcional;sales_invoice                                     ;country_id               
API;gvfacab;salesinvoices;cod_pfa;sale_preinvoice_id;integer;9999999;no;Número Prefactura;Número de Prefactura;opcional;sales_invoice                                     ;sales_preinvoice_id      
API;gvfacab;salesinvoices;cod_provi;province_id;integer;99;no;Código Provincia;Introduzca el Código de la Provincia;opcional;sales_invoice                                     ;province_id              
API;gvfacab;salesinvoices;cod_rep;sales_representative_id;integer;9999;no;Código Agente Comercial;;opcional;sales_invoice                                     ;sales_representative_id  
API;gvfacab;salesinvoices;cod_ret;retention_id;integer;99;no;Código Retención;Código de Retención;opcional;sales_invoice                                     ;retention_id             
API;gvfacab;salesinvoices;cod_sas;currency_id;character;x(3);no;Código Divisa;Introduzca el Código de Divisa para esta Factura;opcional;sales_invoice                                     ;currency_id              
API;gvfacab;salesinvoices;cod_tfv;invoice_type;integer;99;no;Tipo Factura;Introduzca el tipo de Factura de Venta;opcional;sales_invoice                                     ;invoice_type             
API;gvfacab;salesinvoices;cod_tra;carrier_id;integer;>>9;no;Código Transportista;Introduzca el Transportista a Utilizar para esta Factura;opcional;sales_invoice                                     ;carrier_id               
API;gvfacab;salesinvoices;cod_usu;user_id;character;x(8);no;Código Usuario;Código del Usuario;opcional;sales_invoice                                     ;user_id                  
API;gvfacab;salesinvoices;cod_ven;seller_id;integer;>>9;no;Código Vendedor;Introduzca el Código del Vendedor;opcional;sales_invoice                                     ;seller_id                
API;gvfacab;salesinvoices;cod_via;street_type;character;X(2);no;Código Via;Introduzca Sigla de la vía pública;opcional;sales_invoice                                     ;street_type              
API;gvfacab;salesinvoices;com_fac;commision_percent;decimal;>9.99;no;Porcentaje Comisión;;opcional;sales_invoice                                     ;commision_percent        
API;gvfacab;salesinvoices;cos_fac;cost;decimal;->>>,>>>,>>9.99999;no;Coste;Introduzca Coste;opcional;sales_invoice                                     ;cost                     
API;gvfacab;salesinvoices;daf_fac;invoiced_advance_payment_branch_id;integer;99;no;Código Delegación Anticipo;Intoduzca la Delegación Anticipo Facturado;opcional;sales_invoice                                     ;invoiced_advance_payment_
API;gvfacab;salesinvoices;dan_fac;advance_payment_discount_amount;decimal;->>>,>>>,>>9.99;no;Importe Descuento Anticipos;Introduzca el Importe Dto. Anticipos;opcional;sales_invoice                                     ;advance_payment_discount_
API;gvfacab;salesinvoices;dec1_al;user_dec1;decimal;->>,>>>,>>9.999;yes;UsrDec1_gvfacab;decimal1Usr;opcional;sales_invoice                                     ;user_dec1                
API;gvfacab;salesinvoices;dec2_al;user_dec2;decimal;->>,>>>,>>9.999;yes;UsrDec2_gvfacab;decimal2Usr;opcional;sales_invoice                                     ;user_dec2                
API;gvfacab;salesinvoices;dec3_al;user_dec3;decimal;->>,>>>,>>9.999;yes;UsrDec3_gvfacab;decimal3Usr;opcional;sales_invoice                                     ;user_dec3                
API;gvfacab;salesinvoices;dec4_al;user_dec4;decimal;->>,>>>,>>9.999;yes;UsrDec4_gvfacab;decimal4Usr;opcional;sales_invoice                                     ;user_dec4                
API;gvfacab;salesinvoices;dec5_al;user_dec5;decimal;->>,>>>,>>9.999;yes;UsrDec5_gvfacab;decimal5Usr;opcional;sales_invoice                                     ;user_dec5                
API;gvfacab;salesinvoices;dec6_al;user_dec6;decimal;->>,>>>,>>9.999;yes;UsrDec6_gvfacab;decimal6Usr;opcional;sales_invoice                                     ;user_dec6                
API;gvfacab;salesinvoices;ded_fac;is_deductible;logical;yes/no;no;Deducible;Introduzca Si/No Factura Deducible;opcional;sales_invoice                                     ;is_deductible            
API;gvfacab;salesinvoices;des_fpg;due_date_displacement;integer;>>9;no;Días Desplazamiento;Introduzca el Número de Dias Hasta el Primer Vencimiento;opcional;sales_invoice                                     ;due_date_displacement    
API;gvfacab;salesinvoices;dir_cli;street_name;character;x(55);no;Dirección;Introduzca la Dirección del Cliente;opcional;sales_invoice                                     ;street_name              
API;gvfacab;salesinvoices;dir_fac;invoicing_address_id;integer;99;no;Código Dirección Cobro;Introduzca el Código de la Dirección de Cobro de la Factura;opcional;sales_invoice                                     ;invoicing_address_id     
API;gvfacab;salesinvoices;dpo_cli;postal_code;integer;99999;no;Distrito Postal;Introduzca el Distrito Postal del Cliente;opcional;sales_invoice                                     ;postal_code              
API;gvfacab;salesinvoices;dpp_fac;prompt_payment_discount;decimal;->9.99;no;% Descuento Pronto Pago;Introduzca +/- % Dto. P.Pago para la Factura;opcional;sales_invoice                                     ;prompt_payment_discount  
API;gvfacab;salesinvoices;eaf_fac;invoiced_advance_payment_bill_number;integer;99;no;Número Efecto Anticipo;Introduzca el Nº de Efecto del Anticipo Facturado;opcional;sales_invoice                                     ;invoiced_advance_payment_
API;gvfacab;salesinvoices;edi1_al;user_edi1;character;X(1000);yes;UsrEdi1_gvfacab;editor1Usr;opcional;sales_invoice                                     ;user_edi1                
API;gvfacab;salesinvoices;edi2_al;user_edi2;character;X(1000);yes;UsrEdi2_gvfacab;editor2Usr;opcional;sales_invoice                                     ;user_edi2                
API;gvfacab;salesinvoices;edic_fac;editing_state;character;x(3);no;Estado Edición;"CRE - Creación, WRI - Modificacion, """" - Finalizacion";opcional;sales_invoice                                     ;editing_state            
API;gvfacab;salesinvoices;efc_ret;has_retention_bill;logical;yes/no;no;Efecto Retención;Generar Efecto de Retención;opcional;sales_invoice                                     ;has_retention_bill       
API;gvfacab;salesinvoices;ema_fac;sent_by_email;logical;Si/No;no;Enviado por Email;;opcional;sales_invoice                                     ;sent_by_email            
API;gvfacab;salesinvoices;emb_fac;packaging_cost;decimal;->>>,>>9.99;no;Embalaje;Introduzca el valor del embalaje;opcional;sales_invoice                                     ;packaging_cost           
API;gvfacab;salesinvoices;estp_fac;state;integer;99;no;Estado;;opcional;sales_invoice                                     ;state                    
API;gvfacab;salesinvoices;est_efa;e-billing_state;character;x(20);no;Estado e-Factura;Indica si la factura ha sido enviada o firmada;opcional;sales_invoice                                     ;e-billing_state          
API;gvfacab;salesinvoices;est_fac;has_statistics;logical;S/N;no;Actualiza Estadísticas;Introduzca (S/N) la Factura Actualizará Estadísticas;opcional;sales_invoice                                     ;has_statistics           
API;gvfacab;salesinvoices;est_sii;sii_state;character;x(2);no;Estado SII;;opcional;sales_invoice                                     ;sii_state                
API;gvfacab;salesinvoices;faf_fac;invoiced_advance_payment_invoice_id;integer;999999999;no;Número Anticipo Facturado;Introduzca el Número de Factura del Anticipo Facturado;opcional;sales_invoice                                     ;invoiced_advance_payment_
API;gvfacab;salesinvoices;fax_fac;sent_by_fax;logical;Si/No;no;Enviado por Fax;;opcional;sales_invoice                                     ;sent_by_fax              
API;gvfacab;salesinvoices;fec1_al;user_date1;date;99/99/9999;yes;UsrFec1_gvfacab;fecha1Usr;opcional;sales_invoice                                     ;user_fec1                
API;gvfacab;salesinvoices;fec2_al;user_date2;date;99/99/9999;yes;UsrFec2_gvfacab;fecha2Usr;opcional;sales_invoice                                     ;user_fec2                
API;gvfacab;salesinvoices;fec3_al;user_date3;date;99/99/9999;yes;UsrFec3_gvfacab;fecha3Usr;opcional;sales_invoice                                     ;user_fec3                
API;gvfacab;salesinvoices;fec_fac;date;date;99/99/9999;no;Fecha Factura;Introduzca la Fecha de la Factura;opcional;sales_invoice                                     ;date                     
API;gvfacab;salesinvoices;fec_rev;review_date;date;99/99/9999;no;Fecha Revisión;;opcional;sales_invoice                                     ;review_date              
API;gvfacab;salesinvoices;ffc_fac;fixed_payment_date;date;99/99/9999;no;Fecha Cobro;Introduzca la Fecha de Cobro de la Factura;opcional;sales_invoice                                     ;fixed_payment_date       
API;gvfacab;salesinvoices;fiva_fac;vat_settlement_date;date;99/99/9999;no;Fecha Liquidación IVA;Fecha de Liquidación del IVA;opcional;sales_invoice                                     ;vat_settlement_date      
API;gvfacab;salesinvoices;fum_fac;last_modified_date;date;99/99/9999;no;Fecha Última Modificación;Fecha Última Modificación;opcional;sales_invoice                                     ;last_modified_date       
API;gvfacab;salesinvoices;gfr_fac;invoicing_group;integer;99;no;Agrupación de Facturación;Agrupación de Facturación;opcional;sales_invoice                                     ;invoicing_group          
API;gvfacab;salesinvoices;hac_fac;is_in_m340;logical;S/N;no;Incluida en Modelo 340;;opcional;sales_invoice                                     ;is_in_m340               
API;gvfacab;salesinvoices;icer_fac;certified_amount;decimal;->>>,>>>,>>9.99;no;Importe Certificado;Importe Certificado;opcional;sales_invoice                                     ;certified_amount         
API;gvfacab;salesinvoices;ice_fac;certified_percentage;decimal;->9.999999;no;% Incr o Descuento Certificado;Incremento o Dto Cerfificaciones;opcional;sales_invoice                                     ;certified_percentage     
API;gvfacab;salesinvoices;Id_unico;unique_id;Int64;99999999999999999999;no;Identificador único;;opcional;sales_invoice                                     ;unique_id                
API;gvfacab;salesinvoices;iffc_fac;has_fixed_payment_date;logical;SI/NO;no;Fecha Cobro Fija;Introduzca (SI/NO) la Factura tiene Fecha Cobro Fija;opcional;sales_invoice                                     ;has_fixed_payment_date   
API;gvfacab;salesinvoices;iida_fac;work_document_increment_amount;decimal;->>>,>>>,>>9.99;no;Imp. Incr. o Decr. Parte Admin;Importe Incremento/Decremento Parte Administración;opcional;sales_invoice                                     ;work_document_increment_a
API;gvfacab;salesinvoices;iid_fac;increment_amount;decimal;->>>,>>>,>>9.99;no;Importe Incremento o Decremeto;Importe Incremento/Decremento;opcional;sales_invoice                                     ;increment_amount         
API;gvfacab;salesinvoices;iim_fac;unscheduled_amount;decimal;->>>,>>>,>>9.99;no;Importe Imprevistos;Importe de Imprevistos;opcional;sales_invoice                                     ;unscheduled_amount       
API;gvfacab;salesinvoices;iiv_fac1;vat_amount_1;decimal;->>>,>>>,>>9.99;no;Importe IVA [1];Importe del IVA [1];opcional;sales_invoice                                     ;vat_amount_1             
API;gvfacab;salesinvoices;iiv_fac2;vat_amount_2;decimal;->>>,>>>,>>9.99;no;Importe IVA [2];Importe del IVA [2];opcional;sales_invoice                                     ;vat_amount_2             
API;gvfacab;salesinvoices;iiv_fac3;vat_amount_3;decimal;->>>,>>>,>>9.99;no;Importe IVA [3];Importe del IVA [3];opcional;sales_invoice                                     ;vat_amount_3             
API;gvfacab;salesinvoices;imp_ret;retention_amount;decimal;->>>,>>>,>>9.99;no;Importe Retención;Introduzca el Importe de Retención de la Factura;opcional;sales_invoice                                     ;retention_amount         
API;gvfacab;salesinvoices;ipa_fac;work_document_amount;decimal;->>>,>>>,>>9.99;no;Importe Partes Administración;Importe Partes de Administración;opcional;sales_invoice                                     ;work_document_amount     
API;gvfacab;salesinvoices;ipb_fac;retention_base;decimal;>>>,>>>,>>9.99;no;Base Imponible IRPF;Introduzca la Base a la que se Aplica el % de IRPF;opcional;sales_invoice                                     ;retention_base           
API;gvfacab;salesinvoices;ipe_fac;work_delivery_amount;decimal;->>>,>>>,>>9.99;no;Importe Partes de Entrega;Importe Partes de Entrega;opcional;sales_invoice                                     ;work_delivery_amount     
API;gvfacab;salesinvoices;ipf_fac;income_tax_rate;decimal;>9.99;no;Porcentaje IRPF;Introduzca el % de IRPF a Aplicar en Factura;opcional;sales_invoice                                     ;income_tax_rate          
API;gvfacab;salesinvoices;ipi_fac;income_tax_amount;decimal;>,>>>,>>9.99;no;Importe IRPF;Valide ó Introduzca el Importe del IRPF;opcional;sales_invoice                                     ;income_tax_amount        
API;gvfacab;salesinvoices;ipr_fac;printed;logical;SI/NO;no;Impresa;Introduzca (SI/NO) la Factura Está Impresa;opcional;sales_invoice                                     ;printed                  
API;gvfacab;salesinvoices;irp_fac;apply_personal_income_tax;logical;Si/No;no;Aplica IRPF;;opcional;sales_invoice                                     ;apply_personal_income_tax
API;gvfacab;salesinvoices;irq_fac1;sales_equalization_amount_1;decimal;->>>,>>>,>>9.99;no;Importe Recargo Equivalencia 1;Importe del Recargo de Equivalencia [1];opcional;sales_invoice                                     ;sales_equalization_amount
API;gvfacab;salesinvoices;irq_fac2;sales_equalization_amount_2;decimal;->>>,>>>,>>9.99;no;Importe Recargo Equivalencia 2;Importe del Recargo de Equivalencia [2];opcional;sales_invoice                                     ;sales_equalization_amount
API;gvfacab;salesinvoices;irq_fac3;sales_equalization_amount_3;decimal;->>>,>>>,>>9.99;no;Importe Recargo Equivalencia 3;Importe del Recargo de Equivalencia [3];opcional;sales_invoice                                     ;sales_equalization_amount
API;gvfacab;salesinvoices;iva_fac1;vat_rate_1;decimal;>9.99;no;Porcentaje IVA [1];Introduzca el % de IVA [1];opcional;sales_invoice                                     ;vat_rate_1               
API;gvfacab;salesinvoices;iva_fac2;vat_rate_2;decimal;>9.99;no;Porcentaje IVA [2];Introduzca el % de IVA [2];opcional;sales_invoice                                     ;vat_rate_2               
API;gvfacab;salesinvoices;iva_fac3;vat_rate_3;decimal;>9.99;no;Porcentaje IVA [3];Introduzca el % de IVA [3];opcional;sales_invoice                                     ;vat_rate_3               
API;gvfacab;salesinvoices;iva_rfi;apply_vat_over_financial_surcharge;logical;S/N;no;IVA sobre Recargo Financiero;Introduzca (S/N) si se aplica IVA sobre el Recargo Financiero;opcional;sales_invoice                                     ;apply_vat_over_financial_
API;gvfacab;salesinvoices;ixml_fac;include_in_xml;logical;Si/No;no;Incluir en XML;;opcional;sales_invoice                                     ;include_in_xml           
API;gvfacab;salesinvoices;liqc_fac;settled_commission;logical;S/N;no;Comisión liquidada;Indica si la Comisión está Liquidada;opcional;sales_invoice                                     ;settled_commission       
API;gvfacab;salesinvoices;liqr_fac;settled_rappel;logical;S/N;no;Rappel Liquidado;;opcional;sales_invoice                                     ;settled_rappel           
API;gvfacab;salesinvoices;mau_fac;has_authorized_margins;logical;yes/no;no;Márgenes Autorizados;Márgenes Autorizados;opcional;sales_invoice                                     ;has_authorized_margins   
API;gvfacab;salesinvoices;niv_fac;periodicity;integer;99;no;Nivel Control;Valide ó Introduzca el Nivel de Control para la Factura;opcional;sales_invoice                                     ;periodicity              
API;gvfacab;salesinvoices;num_car;debit_delivery_note_id;integer;999999999;no;Número Factura Cargo;Introduzca el Número de la Factura de Cargo;opcional;sales_invoice                                     ;debit_delivery_note_id   
API;gvfacab;salesinvoices;num_cen;document_address_id;integer;9999;no;Código Dirección Envio;Introduzca el Código de la Dirección de Envío del Cliente;opcional;sales_invoice                                     ;document_address_id      
API;gvfacab;salesinvoices;num_cli;street_number;character;X(4);no;Número Vía;Introduzca número de la vía pública;opcional;sales_invoice                                     ;street_number            
API;gvfacab;salesinvoices;num_fac;sale_invoice_id;integer;999999999;no;Número Factura;Introduzca el Número de la Factura de Cliente;opcional;sales_invoice                                     ;sales_invoice_id         
API;gvfacab;salesinvoices;num_fcc;purchase_invoice_id;integer;999999999;no;Número Factura Compra;Introduzca el Número de Factura de Compra;opcional;sales_invoice                                     ;purchase_invoice_id      
API;gvfacab;salesinvoices;nvt_fpg;due_dates_number;integer;99;no;Vencimientos;Introduzca el Número de Vencimientos a Generar;opcional;sales_invoice                                     ;due_dates_number         
API;gvfacab;salesinvoices;obs_fac;notes;character;X(800);no;Observaciones;;opcional;sales_invoice                                     ;notes                    
API;gvfacab;salesinvoices;ori_fac;origin_invoice_id;integer;999999999;no;Número Factura Origen;Indica la Factura Origen;opcional;sales_invoice                                     ;origin_invoice_id        
API;gvfacab;salesinvoices;pac_fac;from_invoiced_advance_payment;logical;Si/No;no;Proviene de un Anticipo;Indica si la factura proviene de un Anticipo;opcional;sales_invoice                                     ;from_invoiced_advance_pay
API;gvfacab;salesinvoices;pdf_fac;has_pdf;logical;yes/no;no;PDF Generado;PDF Generado;opcional;sales_invoice                                     ;has_pdf                  
API;gvfacab;salesinvoices;pob_cli;city;character;x(30);no;Población;Introduzca la Población del Cliente;opcional;sales_invoice                                     ;city                     
API;gvfacab;salesinvoices;por_fac;shipping_cost;decimal;->>>,>>9.99;no;Portes;Introduzca el valor de los portes;opcional;sales_invoice                                     ;shipping_cost            
API;gvfacab;salesinvoices;proc_fac;origin_type;character;X;no;Procedencia;Introduzca la Procedencia (0)-Obras (blancos)-Comercial;opcional;sales_invoice                                     ;origin_type              
API;gvfacab;salesinvoices;raz_cli;business_name;character;X(100);no;Razón Social;Introduzca la Razón Social del Cliente;opcional;sales_invoice                                     ;business_name            
API;gvfacab;salesinvoices;ref_fac;reference;character;x(30);no;Referencia Factura;Introduzca una Referencia Interna de la Factura;opcional;sales_invoice                                     ;reference                
API;gvfacab;salesinvoices;req_fac1;sales_equalization_rate_1;decimal;>9.99;no;Recargo Equivalencia [1];Introduzca % Recargo de Equivalencia [1];opcional;sales_invoice                                     ;sales_equalization_rate_1
API;gvfacab;salesinvoices;req_fac2;sales_equalization_rate_2;decimal;>9.99;no;Recargo Equivalencia [2];Introduzca % Recargo de Equivalencia [2];opcional;sales_invoice                                     ;sales_equalization_rate_2
API;gvfacab;salesinvoices;req_fac3;sales_equalization_rate_3;decimal;>9.99;no;Recargo Equivalencia [3];Introduzca % Recargo de Equivalencia [3];opcional;sales_invoice                                     ;sales_equalization_rate_3
API;gvfacab;salesinvoices;ret_fac;retention_rate;decimal;>9.99;no;Porcentaje Retención;Introduzca Retención Aplicada a la Factura;opcional;sales_invoice                                     ;retention_rate           
API;gvfacab;salesinvoices;rev_fac;is_reviewed;logical;yes/no;no;Factura Revisada;Factura Revisada;opcional;sales_invoice                                     ;is_reviewed              
API;gvfacab;salesinvoices;rfi_fac;financial_surcharge_rate;decimal;->9.99;no;Porcentaje Recargo Financiero;Introduzca +/- % de Recargo Financiero de la Factura;opcional;sales_invoice                                     ;financial_surcharge_rate 
API;gvfacab;salesinvoices;rpr_fac;pricing_reference;character;x(20);no;Referencia Precio;Referencia de Precio;opcional;sales_invoice                                     ;pricing_reference        
API;gvfacab;salesinvoices;tel_cli;phone;character;x(18);no;Teléfono;Introduzca el Teléfono del Cliente;opcional;sales_invoice                                     ;phone                    
API;gvfacab;salesinvoices;texto;text;character;x(300);no;Texto;Introduzca Texto;opcional;sales_invoice                                     ;text                     
API;gvfacab;salesinvoices;tip_cli;discount_type;integer;9;no;Tipo Descuento;Introduzca el Tipo de Descuento de Ventas (0-8);opcional;sales_invoice                                     ;discount_type            
API;gvfacab;salesinvoices;tip_fac;charge_credit_invoice;character;x;no;Tipo Documento;Introduzca el Tipo de Documento (F)actura (A)bono;opcional;sales_invoice                                     ;charge_credit_invoice    
API;gvfacab;salesinvoices;tip_fao;work_invoice_type;character;X;no;Tipo Factura Obras;Tipo de Factura de Obras P-Partes, C-Certif. , M-Manual , D-Des;opcional;sales_invoice                                     ;work_invoice_type        
API;gvfacab;salesinvoices;tot_imp;amount;decimal;->>>,>>>,>>9.99;no;Total Importe;Introduzca Importe Total;opcional;sales_invoice                                     ;amount                   
API;gvfacab;salesinvoices;usum_fac;last_modification_user_id;character;x(8);no;Usuario Última Modificación;Usuario Última Modificación;opcional;sales_invoice                                     ;last_modification_user_id
API;gvfacab;salesinvoices;val_sas;currency_value;decimal;>>,>>>,>>9.999<<<<<;no;Valor Divisa;Introduzca el Valor Actual de la Divisa;opcional;sales_invoice                                     ;currency_value           
API;gvfaimp;taxs;bas_imd;tax_base;decimal;->>>,>>>,>>9.99;no;Base;Introduzca la Base;opcional;sales_invoice_tax                                 ;tax_base                 
API;gvfaimp;taxs;char1_al;user_char1;character;x(100);yes;UsrChar1_gvfaimp;character1Usr;opcional;sales_invoice_tax                                 ;user_char1               
API;gvfaimp;taxs;char2_al;user_char2;character;x(100);yes;UsrChar2_gvfaimp;character2Usr;opcional;sales_invoice_tax                                 ;user_char2               
API;gvfaimp;taxs;char3_al;user_char3;character;x(100);yes;UsrChar3_gvfaimp;character3Usr;opcional;sales_invoice_tax                                 ;user_char3               
API;gvfaimp;taxs;char4_al;user_char4;character;x(100);yes;UsrChar4_gvfaimp;character4Usr;opcional;sales_invoice_tax                                 ;user_char4               
API;gvfaimp;taxs;char5_al;user_char5;character;x(100);yes;UsrChar5_gvfaimp;character5Usr;opcional;sales_invoice_tax                                 ;user_char5               
API;gvfaimp;taxs;char6_al;user_char6;character;x(100);yes;UsrChar6_gvfaimp;character6Usr;opcional;sales_invoice_tax                                 ;user_char6               
API;gvfaimp;taxs;char7_al;user_char7;character;x(100);yes;UsrChar7_gvfaimp;character7Usr;opcional;sales_invoice_tax                                 ;user_char7               
API;gvfaimp;taxs;char8_al;user_char8;character;x(100);yes;UsrChar8_gvfaimp;character8Usr;opcional;sales_invoice_tax                                 ;user_char8               
API;gvfaimp;taxs;cod_imd;tax_id;integer;99;no;Tipo Impuesto;Introduzca el Código de Tipo de Impuesto;opcional;sales_invoice_tax                                 ;tax_id                   
API;gvfaimp;taxs;cod_imp;tax_type;integer;99;no;Tipo Impuesto;Introduzca el Tipo de Impuesto;opcional;sales_invoice_tax                                 ;tax_type                 
API;gvfaimp;taxs;dec1_al;user_dec1;decimal;->>,>>>,>>9.999;yes;UsrDec1_gvfaimp;decimal1Usr;opcional;sales_invoice_tax                                 ;user_dec1                
API;gvfaimp;taxs;dec2_al;user_dec2;decimal;->>,>>>,>>9.999;yes;UsrDec2_gvfaimp;decimal2Usr;opcional;sales_invoice_tax                                 ;user_dec2                
API;gvfaimp;taxs;dec3_al;user_dec3;decimal;->>,>>>,>>9.999;yes;UsrDec3_gvfaimp;decimal3Usr;opcional;sales_invoice_tax                                 ;user_dec3                
API;gvfaimp;taxs;dec4_al;user_dec4;decimal;->>,>>>,>>9.999;yes;UsrDec4_gvfaimp;decimal4Usr;opcional;sales_invoice_tax                                 ;user_dec4                
API;gvfaimp;taxs;dec5_al;user_dec5;decimal;->>,>>>,>>9.999;yes;UsrDec5_gvfaimp;decimal5Usr;opcional;sales_invoice_tax                                 ;user_dec5                
API;gvfaimp;taxs;dec6_al;user_dec6;decimal;->>,>>>,>>9.999;yes;UsrDec6_gvfaimp;decimal6Usr;opcional;sales_invoice_tax                                 ;user_dec6                
API;gvfaimp;taxs;edi1_al;user_edi1;character;x(1000);yes;UsrEdi1_gvfaimp;editor1Usr;opcional;sales_invoice_tax                                 ;user_edi1                
API;gvfaimp;taxs;edi2_al;user_edi2;character;x(1000);yes;UsrEdi2_gvfaimp;editor2Usr;opcional;sales_invoice_tax                                 ;user_edi2                
API;gvfaimp;taxs;fec1_al;user_date1;date;99/99/9999;yes;UsrFec1_gvfaimp;fecha1Usr;opcional;sales_invoice_tax                                 ;user_fec1                
API;gvfaimp;taxs;fec2_al;user_date2;date;99/99/9999;yes;UsrFec2_gvfaimp;fecha2Usr;opcional;sales_invoice_tax                                 ;user_fec2                
API;gvfaimp;taxs;fec3_al;user_date3;date;99/99/9999;yes;UsrFec3_gvfaimp;fecha3Usr;opcional;sales_invoice_tax                                 ;user_fec3                
API;gvfaimp;taxs;imp_imd;tax_amount;decimal;->>>,>>>,>>9.99;no;Importe;Introduzca el Importe;opcional;sales_invoice_tax                                 ;tax_amount               
API;gvfaimp;taxs;por_imd;tax_rate;decimal;->9.999999;no;Porcentaje;Introduzca el Porcentaje;opcional;sales_invoice_tax                                 ;tax_rate                 
API;gvofcab;salesoffers;adj_ofe;has_attachments;logical;Si/No;no;Documentos Adjuntos;Documentos adjuntos asociados;excluido;sales_offer                                       ;has_attachments          
API;gvofcab;salesoffers;bas_ofe1;tax_base_1;decimal;->,>>>,>>>,>>9.99;no;Base Imponible [1];Valide ó Introduzca Base Imponible [1];excluido;sales_offer                                       ;tax_base_1               
API;gvofcab;salesoffers;bas_ofe2;tax_base_2;decimal;->,>>>,>>>,>>9.99;no;Base Imponible [2];Valide ó Introduzca Base Imponible [2];excluido;sales_offer                                       ;tax_base_2               
API;gvofcab;salesoffers;bas_ofe3;tax_base_3;decimal;->,>>>,>>>,>>9.99;no;Base Imponible [3];Valide ó Introduzca Base Imponible [3];excluido;sales_offer                                       ;tax_base_3               
API;gvofcab;salesoffers;blq_fac;is_invoice_locked;logical;SI/NO;no;Bloqueo;Introduzca (SI/NO) la Factura Está Bloqueada;excluido;sales_offer                                       ;is_invoice_locked        
API;gvofcab;salesoffers;blq_ofe;is_locked;logical;S/N;no;Bloqueado;¿Oferta Bloqueada?;opcional;sales_offer                                       ;is_locked                
API;gvofcab;salesoffers;bru_ofe;gross_amount;decimal;>>>,>>>,>>9.99;no;Importe Bruto;Introduzca el Importe Bruto de la Oferta;excluido;sales_offer                                       ;gross_amount             
API;gvofcab;salesoffers;can_sas;currency_quantity;integer;>>,>>>,>>9;no;Cantidad;Introduza la cantidad monetaria;excluido;sales_offer                                       ;currency_quantity        
API;gvofcab;salesoffers;char1_al;user_char1;character;X(100);yes;UsrChar1_gvofcab;character1Usr;opcional;sales_offer                                       ;user_char1               
API;gvofcab;salesoffers;char2_al;user_char2;character;X(100);yes;UsrChar2_gvofcab;character2Usr;opcional;sales_offer                                       ;user_char2               
API;gvofcab;salesoffers;char3_al;user_char3;character;X(100);yes;UsrChar3_gvofcab;character3Usr;opcional;sales_offer                                       ;user_char3               
API;gvofcab;salesoffers;char4_al;user_char4;character;X(100);yes;UsrChar4_gvofcab;character4Usr;opcional;sales_offer                                       ;user_char4               
API;gvofcab;salesoffers;char5_al;user_char5;character;X(100);yes;UsrChar5_gvofcab;character5Usr;opcional;sales_offer                                       ;user_char5               
API;gvofcab;salesoffers;char6_al;user_char6;character;X(100);yes;UsrChar6_gvofcab;character6Usr;opcional;sales_offer                                       ;user_char6               
API;gvofcab;salesoffers;char7_al;user_char7;character;X(100);yes;UsrChar7_gvofcab;character7Usr;opcional;sales_offer                                       ;user_char7               
API;gvofcab;salesoffers;char8_al;user_char8;character;X(100);yes;UsrChar8_gvofcab;character8Usr;opcional;sales_offer                                       ;user_char8               
API;gvofcab;salesoffers;cif_cli;vat_number;character;X(18);no;C.I.F.;Introduzca el C.I.F. / D.N.I. del Cliente;opcional;sales_offer                                       ;vat_number               
API;gvofcab;salesoffers;cif_pro;supplier_vat_id;character;x(18);no;CIF G2G;CIF G2G;opcional;sales_offer                                       ;                         
API;gvofcab;salesoffers;cli_amb;customer_ambit;integer;>>9;no;Ambito Cliente;Introduzca el ambito del cliente;excluido;sales_offer                                       ;customer_ambit           
API;gvofcab;salesoffers;cod_avis;notification_id;integer;9999999;no;Aviso;Código del Aviso;excluido;sales_offer                                       ;notification_id          
API;gvofcab;salesoffers;cod_cen;document_address_id;integer;9999;no;Dirección Envio;Introduzca el Código de la Dirección de Envio de la Oferta;excluido;sales_offer                                       ;document_address_id      
API;gvofcab;salesoffers;cod_cenm;shipping_address_id;integer;9999;no;Dirección Envio Mercaderías;Introduzca el Código de la Dirección de Envio de Mercaderías;excluido;sales_offer                                       ;shipping_address_id      
API;gvofcab;salesoffers;cod_cie;closure_reason;integer;99;no;Motivo Cierre;Código del Motivo de Cierre de la Oferta;excluido;sales_offer                                       ;closure_reason           
API;gvofcab;salesoffers;cod_cli;customer_id;integer;99999;no;Código Cliente;Introduzca el Código de Cliente;obligatorio;sales_offer                                       ;customer_id              
API;gvofcab;salesoffers;cod_coe;delivery_terms;character;x(3);no;Condición Entrega;Condición de Entrega;opcional;sales_offer                                       ;delivery_terms           
API;gvofcab;salesoffers;cod_del;branch_id;integer;99;no;Código Delegación;Intoduzca la delegación;opcional;sales_offer                                       ;branch_id                
API;gvofcab;salesoffers;cod_dir;potential_customer_id;integer;999999;no;Código Cliente Potencial;Introduzca el Código de Cliente Potencial;opcional;sales_offer                                       ;potential_customer_id    
API;gvofcab;salesoffers;cod_empl;worker_id;integer;9999;no;Código Empleado;Empleado;excluido;sales_offer                                       ;worker_id                
API;gvofcab;salesoffers;cod_ent;company_id;integer;99;no;Código Empresa;Intoduzca la empresa;opcional;sales_offer                                       ;company_id               
API;gvofcab;salesoffers;cod_fpg;payment_method_id;integer;999;no;Código Forma Pago;Introduzca el Código de Forma de Pago;opcional;sales_offer                                       ;payment_method_id        
API;gvofcab;salesoffers;cod_ofe;sale_offer_id;integer;9999999;no;Código Oferta;;excluido;sales_offer                                       ;sales_offer_id           
API;gvofcab;salesoffers;cod_pai;country_id;character;x(2);no;Código Pais Dirección;Introduzca el Código de País del Cliente;opcional;sales_offer                                       ;country_id               
API;gvofcab;salesoffers;cod_pai_m;shipping_country_id;character;X(2);no;Pais;Código de País;opcional;sales_offer                                       ;shipping_country_id      
API;gvofcab;salesoffers;cod_perf;periodicity_id;integer;99;no;Código Periodicidad;Código de Periodicidad;excluido;sales_offer                                       ;periodicity_id           
API;gvofcab;salesoffers;cod_proc;origin_id;character;X(3);no;Procedencia Oferta Venta;Introduzca la Procedencia de la Oferta de Venta;opcional;sales_offer                                       ;origin_id                
API;gvofcab;salesoffers;cod_prof;potential_customer_contact_id;integer;99999;no;Contacto del Cliente Potencial;Código del Contacto del Cliente Potencial;excluido;sales_offer                                       ;potential_customer_contac
API;gvofcab;salesoffers;cod_prot;protocol;character;x(4);no;Protocolo;Protocolo;opcional;sales_offer                                       ;                         
API;gvofcab;salesoffers;cod_provi;province_id;integer;99;no;Provincia;Introduzca el Código de la Provincia;opcional;sales_offer                                       ;province_id              
API;gvofcab;salesoffers;cod_provi_m;shipping_province_id;integer;99;no;Provincia entrega;Código de la Provincia de la entrega;opcional;sales_offer                                       ;shipping_province_id     
API;gvofcab;salesoffers;cod_rep;sales_representative_id;integer;9999;no;Código Agente Comercial;Introduzca el Código de Agente Comercial.;opcional;sales_offer                                       ;sales_representative_id  
API;gvofcab;salesoffers;cod_sas;currency_id;character;x(3);no;Código Divisa;Introduzca el Código de la Divisa;excluido;sales_offer                                       ;currency_id              
API;gvofcab;salesoffers;cod_telc;customer_contact_id;integer;99999;no;Telefono Activo;Introduzca Teléfono Activo.;opcional;sales_offer                                       ;customer_contact_id      
API;gvofcab;salesoffers;cod_tra;carrier_id;integer;>>9;no;Código Transportista;Transportista de la Oferta;excluido;sales_offer                                       ;carrier_id               
API;gvofcab;salesoffers;cod_usu;user_id;character;x(8);no;Código Usuario;Introduzca el Login (identificación) del Usuario;excluido;sales_offer                                       ;user_id                  
API;gvofcab;salesoffers;cod_via;street_type;character;X(2);no;Código Vía;Introduzca Sigla de la vía pública;excluido;sales_offer                                       ;street_type              
API;gvofcab;salesoffers;cod_via_m;shipping_street_type;character;X(2);no;Código Vía Mercaderías;Código de Vía;opcional;sales_offer                                       ;shipping_street_type     
API;gvofcab;salesoffers;cop_cli;is_potential_customer;logical;C/P;no;Cliente / Cliente Potencial;Cliente o Cliente Potencial;opcional;sales_offer                                       ;is_potential_customer    
API;gvofcab;salesoffers;cos_ofe;cost;decimal;->>>,>>>,>>9.99999;no;Coste;Introduzca Coste;excluido;sales_offer                                       ;cost                     
API;gvofcab;salesoffers;dec1_al;user_dec1;decimal;->>,>>>,>>9.999;yes;UsrDec1_gvofcab;decimal1Usr;opcional;sales_offer                                       ;user_dec1                
API;gvofcab;salesoffers;dec2_al;user_dec2;decimal;->>,>>>,>>9.999;yes;UsrDec2_gvofcab;decimal2Usr;opcional;sales_offer                                       ;user_dec2                
API;gvofcab;salesoffers;dec3_al;user_dec3;decimal;->>,>>>,>>9.999;yes;UsrDec3_gvofcab;decimal3Usr;opcional;sales_offer                                       ;user_dec3                
API;gvofcab;salesoffers;dec4_al;user_dec4;decimal;->>,>>>,>>9.999;yes;UsrDec4_gvofcab;decimal4Usr;opcional;sales_offer                                       ;user_dec4                
API;gvofcab;salesoffers;dec5_al;user_dec5;decimal;->>,>>>,>>9.999;yes;UsrDec5_gvofcab;decimal5Usr;opcional;sales_offer                                       ;user_dec5                
API;gvofcab;salesoffers;dec6_al;user_dec6;decimal;->>,>>>,>>9.999;yes;UsrDec6_gvofcab;decimal6Usr;opcional;sales_offer                                       ;user_dec6                
API;gvofcab;salesoffers;des_ofe;description;character;x(40);no;Descripción;Introduzca descripción;opcional;sales_offer                                       ;description              
API;gvofcab;salesoffers;die_ofe;delivery_days;integer;999;no;Días Entrega;Días de Entrega a partir de la Aceptación de la Oferta;excluido;sales_offer                                       ;delivery_days            
API;gvofcab;salesoffers;dir_cli;street_name;character;x(55);no;Dirección Cliente;Introduzca la Dirección del Cliente;opcional;sales_offer                                       ;street_name              
API;gvofcab;salesoffers;dir_mer;shipping_street_name;character;X(55);no;Dirección Entrega Pedido;Dirección de Entrega del Pedido;opcional;sales_offer                                       ;shipping_street_name     
API;gvofcab;salesoffers;doc_ofe;origin_document_id;character;X(12);no;Documento Origen;Código Solicitud de Precios Externa;opcional;sales_offer                                       ;origin_document_id       
API;gvofcab;salesoffers;don_ofe;origin_type;character;X;no;Procedencia;Procedencia: (F)ax (M)ostrador (R)eprest. (T)eléfono (V)arios;excluido;sales_offer                                       ;origin_type              
API;gvofcab;salesoffers;dpo_cli;postal_code;integer;99999;no;Distrito Postal Cliente;Introduzca el Distrito Postal del Cliente;opcional;sales_offer                                       ;postal_code              
API;gvofcab;salesoffers;dpo_mer;shipping_postal_code;integer;99999;no;Distrito Postal Entrega;Distrito Postal de la entrega;opcional;sales_offer                                       ;shipping_postal_code     
API;gvofcab;salesoffers;dpp_ofe;prompt_payment_discount;decimal;->9.99;no;Descuento Pronto Pago;Introduzca Dto. Pronto Pago.;opcional;sales_offer                                       ;prompt_payment_discount  
API;gvofcab;salesoffers;edi1_al;user_edi1;character;X(1000);yes;UsrEdi1_gvofcab;editor1Usr;opcional;sales_offer                                       ;user_edi1                
API;gvofcab;salesoffers;edi2_al;user_edi2;character;X(1000);yes;UsrEdi2_gvofcab;editor2Usr;opcional;sales_offer                                       ;user_edi2                
API;gvofcab;salesoffers;edic_ofe;editing_state;character;x(3);no;Estado Edición;"CRE - Creación, WRI - Modificacion, """" - Finalizacion";excluido;sales_offer                                       ;editing_state            
API;gvofcab;salesoffers;ema_mer;email;character;X(60);no;E-mail;E-mail;opcional;sales_offer                                       ;email                    
API;gvofcab;salesoffers;ema_ofe;sent_by_email;logical;Si/No;no;Enviado por Email;;excluido;sales_offer                                       ;sent_by_email            
API;gvofcab;salesoffers;emb_ofe;packaging_cost;decimal;>>>,>>9.99;no;Coste Embalaje;Introduzca el Coste del Embalaje;opcional;sales_offer                                       ;packaging_cost           
API;gvofcab;salesoffers;fax_mer;fax;character;X(18);no;Fax;Fax de la dirección de entrega;opcional;sales_offer                                       ;fax                      
API;gvofcab;salesoffers;fax_ofe;sent_by_fax;logical;Si/No;no;Enviado por Fax;;excluido;sales_offer                                       ;sent_by_fax              
API;gvofcab;salesoffers;fcad_ofe;expiration_date;date;99/99/9999;no;Fecha Caducidad;Fecha de Caducidad de la Oferta;opcional;sales_offer                                       ;expiration_date          
API;gvofcab;salesoffers;fec1_al;user_date1;date;99/99/9999;yes;UsrFec1_gvofcab;fecha1Usr;opcional;sales_offer                                       ;user_fec1                
API;gvofcab;salesoffers;fec2_al;user_date2;date;99/99/9999;yes;UsrFec2_gvofcab;fecha2Usr;opcional;sales_offer                                       ;user_fec2                
API;gvofcab;salesoffers;fec3_al;user_date3;date;99/99/9999;yes;UsrFec3_gvofcab;fecha3Usr;opcional;sales_offer                                       ;user_fec3                
API;gvofcab;salesoffers;fec_ofe;date;date;99/99/9999;no;Fecha Oferta;;opcional;sales_offer                                       ;date                     
API;gvofcab;salesoffers;fer_ofe;closure_date;date;99/99/9999;no;Fecha Resolución;Introduzca Fecha Resolución;excluido;sales_offer                                       ;closure_date             
API;gvofcab;salesoffers;fre_ofe;registration_date;date;99/99/9999;no;Fecha Registro;Introduzca la Fecha de Registro;excluido;sales_offer                                       ;registration_date        
API;gvofcab;salesoffers;fum_ofe;last_modified_date;date;99/99/9999;no;Última Fecha Modificación;Última Fecha Modificación;excluido;sales_offer                                       ;last_modified_date       
API;gvofcab;salesoffers;hre_ofe;registration_time;character;99:99;no;Hora Registro;Hora Registro;excluido;sales_offer                                       ;registration_time        
API;gvofcab;salesoffers;id_g2g;goconnect_id;Int64;99999999999999999999;no;Id único G2G;;opcional;sales_offer                                       ;goconnect_id             
API;gvofcab;salesoffers;Id_unico;unique_id;int64;99999999999999999999;no;Id único;;opcional;sales_offer                                       ;unique_id                
API;gvofcab;salesoffers;Id_unico_pc;purchase_order_unique_id;character;99999999999999999999;no;Id único Pedido Compra;;opcional;sales_offer                                       ;unique_id_pc             
API;gvofcab;salesoffers;Iiv_ofe1;vat_amount_1;decimal;->>>,>>>,>>9.99;no;Importe IVA [1];Introduzca Importe IVA [1];excluido;sales_offer                                       ;vat_amount_1             
API;gvofcab;salesoffers;Iiv_ofe2;vat_amount_2;decimal;->>>,>>>,>>9.99;no;Importe IVA [2];Introduzca Importe IVA [2];excluido;sales_offer                                       ;vat_amount_2             
API;gvofcab;salesoffers;Iiv_ofe3;vat_amount_3;decimal;->>>,>>>,>>9.99;no;Importe IVA [3];Introduzca Importe IVA [3];excluido;sales_offer                                       ;vat_amount_3             
API;gvofcab;salesoffers;ipb_ofe;retention_base;decimal;>>>,>>>,>>9.99;no;Base Imponible IRPF;Introduzca la Base a la que se Aplica el % de IRPF;excluido;sales_offer                                       ;retention_base           
API;gvofcab;salesoffers;ipf_ofe;retention_rate;decimal;>9.99;no;IRPF;Introduzca el % de IRPF a Aplicar en Oferta;excluido;sales_offer                                       ;retention_rate           
API;gvofcab;salesoffers;ipi_ofe;retention_amount;decimal;>,>>>,>>9.99;no;Importe IRPF;Valide ó Introduzca el Importe del IRPF;excluido;sales_offer                                       ;retention_amount         
API;gvofcab;salesoffers;irq_ofe1;sales_equalization_amount_1;decimal;->>>,>>>,>>9.99;no;Importe Recargo Equivalencia 1;Importe del Recargo de Equivalencia [1];excluido;sales_offer                                       ;sales_equalization_amount
API;gvofcab;salesoffers;irq_ofe2;sales_equalization_amount_2;decimal;->>>,>>>,>>9.99;no;Importe Recargo Equivalencia 2;Importe del Recargo de Equivalencia [2];excluido;sales_offer                                       ;sales_equalization_amount
API;gvofcab;salesoffers;irq_ofe3;sales_equalization_amount_3;decimal;->>>,>>>,>>9.99;no;Importe Recargo Equivalencia 3;Importe del Recargo de Equivalencia [3];excluido;sales_offer                                       ;sales_equalization_amount
API;gvofcab;salesoffers;iva_ofe1;vat_rate_1;decimal;>9.99;no;Porcentaje IVA 1;Introduzca % de IVA [1];excluido;sales_offer                                       ;vat_rate_1               
API;gvofcab;salesoffers;iva_ofe2;vat_rate_2;decimal;>9.99;no;Porcentaje IVA 2;Introduzca % de IVA [2];excluido;sales_offer                                       ;vat_rate_2               
API;gvofcab;salesoffers;iva_ofe3;vat_rate_3;decimal;>9.99;no;Porcentaje IVA 3;Introduzca % de IVA [3];excluido;sales_offer                                       ;vat_rate_3               
API;gvofcab;salesoffers;la1_ofe;latitude_degrees;integer;-99;no;Latitud grados;Latitud (grados);excluido;sales_offer                                       ;latitude_degrees         
API;gvofcab;salesoffers;la2_ofe;latitude_minutes;integer;99;no;Latitud minutos;Latitud (minutos);excluido;sales_offer                                       ;latitude_minutes         
API;gvofcab;salesoffers;la3_ofe;latitude_seconds;integer;99;no;Latitud segundos;Latitud ( segundos );excluido;sales_offer                                       ;latitude_seconds         
API;gvofcab;salesoffers;lo1_ofe;longitude_degrees;integer;999;no;Longitud grados;Longitud ( grados );excluido;sales_offer                                       ;longitude_degrees        
API;gvofcab;salesoffers;lo2_ofe;longitude_minutes;integer;99;no;Longitud minutos;Longitud ( minutos );excluido;sales_offer                                       ;longitude_minutes        
API;gvofcab;salesoffers;lo3_ofe;longitude_seconds;integer;99;no;Longitud segundos;Longitud  (segundos);excluido;sales_offer                                       ;longitude_seconds        
API;gvofcab;salesoffers;mau_ofe;has_authorized_margins;logical;yes/no;no;Márgenes Autorizados;Márgenes Autorizados;excluido;sales_offer                                       ;has_authorized_margins   
API;gvofcab;salesoffers;num_cli;street_number;character;X(4);no;Número vía publica;Introduzca número de la vía pública;opcional;sales_offer                                       ;street_number            
API;gvofcab;salesoffers;num_cpp;purchase_order_id;integer;9999999;no;Pedido Compra;Pedido de Compra;opcional;sales_offer                                       ;                         
API;gvofcab;salesoffers;num_mer;shipping_street_number;character;X(4);no;Número vía entrega;Número de la via de la entrega;opcional;sales_offer                                       ;shipping_street_number   
API;gvofcab;salesoffers;obs_ofe;notes;character;x(400);no;Observaciones;Introduzca las Observaciones a cerca del Cliente;opcional;sales_offer                                       ;notes                    
API;gvofcab;salesoffers;ofep_cpp;supplier_offer;character;x(30);no;Oferta Proveedor;Oferta Proveedor;opcional;sales_offer                                       ;                         
API;gvofcab;salesoffers;per_cen;contact_person;character;x(55);no;Persona Contacto;Nombre de la Persona de Contacto;opcional;sales_offer                                       ;contact_person           
API;gvofcab;salesoffers;pla_ofe;delivery_time;integer;999;no;Plazo Entrega;Plazo de Entrega (en dias) del Pedido una vez Aceptada Oferta;excluido;sales_offer                                       ;delivery_time            
API;gvofcab;salesoffers;pob_cli;city;character;x(30);no;Población cliente;Introduzca la Población del Cliente;opcional;sales_offer                                       ;city                     
API;gvofcab;salesoffers;pob_mer;shipping_city;character;X(30);no;Población entrega;Población de la entrega;opcional;sales_offer                                       ;shipping_city            
API;gvofcab;salesoffers;por_ofe;shipping_cost;decimal;>>>,>>9.99;no;Portes;Introduzca Importe de Portes;opcional;sales_offer                                       ;shipping_cost            
API;gvofcab;salesoffers;raz_cli;business_name;character;X(100);no;Razón Social Cliente;Introduzca la Razón Social del Cliente;opcional;sales_offer                                       ;business_name            
API;gvofcab;salesoffers;raz_mer;shipping_business_name;character;X(100);no;Razón Social Entrega;Introduzca la Razón Social de la Entrega;opcional;sales_offer                                       ;shipping_business_name   
API;gvofcab;salesoffers;ref2_ofe;reference_2;character;x(20);no;Referencia Auxiliar;Segunda Referencia de la Oferta;opcional;sales_offer                                       ;reference_2              
API;gvofcab;salesoffers;ref_ofe;reference;character;X(20);no;Referencia;;obligatorio;sales_offer                                       ;reference                
API;gvofcab;salesoffers;repl_ofe;is_replicated;logical;yes/no;no;Replicado;;excluido;sales_offer                                       ;is_replicated            
API;gvofcab;salesoffers;req_ofe1;sales_equalization_rate_1;decimal;>9.99;no;Recargo Equivalencia 1;Introduzca % Recargo de Equivalencia [1];excluido;sales_offer                                       ;sales_equalization_rate_1
API;gvofcab;salesoffers;req_ofe2;sales_equalization_rate_2;decimal;>9.99;no;Recargo Equivalencia 2;Introduzca % Recargo de Equivalencia [2];excluido;sales_offer                                       ;sales_equalization_rate_2
API;gvofcab;salesoffers;req_ofe3;sales_equalization_rate_3;decimal;>9.99;no;Recargo Equivalencia 3;Introduzca % Recargo de Equivalencia [3];excluido;sales_offer                                       ;sales_equalization_rate_3
API;gvofcab;salesoffers;rfi_ofe;financial_surcharge_rate;decimal;>9.99;no;Recargo Financiero;Introduzca Recargo Financiero.;opcional;sales_offer                                       ;financial_surcharge_rate 
API;gvofcab;salesoffers;rpr_ofe;pricing_reference;character;x(20);no;Referencia Precio;Referencia de Precio;excluido;sales_offer                                       ;pricing_reference        
API;gvofcab;salesoffers;sit_ofe;status;character;X(1);no;Situación;Estado: (P)endiente de Aceptar, (A)ceptado, Par(c)ialmente, (R);excluido;sales_offer                                       ;status                   
API;gvofcab;salesoffers;tel_mer;shipping_phone;character;X(18);no;Teléfono entrega;Teléfono  de la dirección de entrega;opcional;sales_offer                                       ;shipping_phone           
API;gvofcab;salesoffers;tel_ofe;phone;character;X(18);no;Teléfono;Introduzca Teléfono;excluido;sales_offer                                       ;phone                    
API;gvofcab;salesoffers;tip_cli;discount_type;integer;9;no;Tipo Descuento;Introduzca el Tipo de Descuento de Ventas (0-8);excluido;sales_offer                                       ;discount_type            
API;gvofcab;salesoffers;tot_ofe;amount;decimal;->>>,>>>,>>9.99;no;Total Importe;Introduzca Importe Total;opcional;sales_offer                                       ;amount                   
API;gvofcab;salesoffers;usum_ofe;last_modification_user_id;character;x(8);no;Código Usuario;Usuario Última Modificación;excluido;sales_offer                                       ;last_modification_user_id
API;gvofcab;salesoffers;val_sas;currency_value;decimal;>>,>>>,>>9.999<<<<<;no;Valor Divisa;Introduzca valor de la divisa;excluido;sales_offer                                       ;currency_value           
API;gvofimp;taxs;bas_imd;tax_base;decimal;->>>,>>>,>>9.99;no;Base;Introduzca la Base;opcional;sales_offer_tax                                   ;tax_base                 
API;gvofimp;taxs;char1_al;user_char1;character;x(100);yes;UsrChar1_gvofimp;character1Usr;opcional;sales_offer_tax                                   ;user_char1               
API;gvofimp;taxs;char2_al;user_char2;character;x(100);yes;UsrChar2_gvofimp;character2Usr;opcional;sales_offer_tax                                   ;user_char2               
API;gvofimp;taxs;char3_al;user_char3;character;x(100);yes;UsrChar3_gvofimp;character3Usr;opcional;sales_offer_tax                                   ;user_char3               
API;gvofimp;taxs;char4_al;user_char4;character;x(100);yes;UsrChar4_gvofimp;character4Usr;opcional;sales_offer_tax                                   ;user_char4               
API;gvofimp;taxs;char5_al;user_char5;character;x(100);yes;UsrChar5_gvofimp;character5Usr;opcional;sales_offer_tax                                   ;user_char5               
API;gvofimp;taxs;char6_al;user_char6;character;x(100);yes;UsrChar6_gvofimp;character6Usr;opcional;sales_offer_tax                                   ;user_char6               
API;gvofimp;taxs;char7_al;user_char7;character;x(100);yes;UsrChar7_gvofimp;character7Usr;opcional;sales_offer_tax                                   ;user_char7               
API;gvofimp;taxs;char8_al;user_char8;character;x(100);yes;UsrChar8_gvofimp;character8Usr;opcional;sales_offer_tax                                   ;user_char8               
API;gvofimp;taxs;cod_imd;tax_id;integer;99;no;Tipo Impuesto;Introduzca el Código de Tipo de Impuesto;opcional;sales_offer_tax                                   ;tax_id                   
API;gvofimp;taxs;cod_imp;tax_type;integer;99;no;Impuesto;Introduzca el Tipo de Impuesto;opcional;sales_offer_tax                                   ;tax_type                 
API;gvofimp;taxs;dec1_al;user_dec1;decimal;->>,>>>,>>9.999;yes;UsrDec1_gvofimp;decimal1Usr;opcional;sales_offer_tax                                   ;user_dec1                
API;gvofimp;taxs;dec2_al;user_dec2;decimal;->>,>>>,>>9.999;yes;UsrDec2_gvofimp;decimal2Usr;opcional;sales_offer_tax                                   ;user_dec2                
API;gvofimp;taxs;dec3_al;user_dec3;decimal;->>,>>>,>>9.999;yes;UsrDec3_gvofimp;decimal3Usr;opcional;sales_offer_tax                                   ;user_dec3                
API;gvofimp;taxs;dec4_al;user_dec4;decimal;->>,>>>,>>9.999;yes;UsrDec4_gvofimp;decimal4Usr;opcional;sales_offer_tax                                   ;user_dec4                
API;gvofimp;taxs;dec5_al;user_dec5;decimal;->>,>>>,>>9.999;yes;UsrDec5_gvofimp;decimal5Usr;opcional;sales_offer_tax                                   ;user_dec5                
API;gvofimp;taxs;dec6_al;user_dec6;decimal;->>,>>>,>>9.999;yes;UsrDec6_gvofimp;decimal6Usr;opcional;sales_offer_tax                                   ;user_dec6                
API;gvofimp;taxs;edi1_al;user_edi1;character;x(1000);yes;UsrEdi1_gvofimp;editor1Usr;opcional;sales_offer_tax                                   ;user_edi1                
API;gvofimp;taxs;edi2_al;user_edi2;character;x(1000);yes;UsrEdi2_gvofimp;editor2Usr;opcional;sales_offer_tax                                   ;user_edi2                
API;gvofimp;taxs;fec1_al;user_date1;date;99/99/9999;yes;UsrFec1_gvofimp;fecha1Usr;opcional;sales_offer_tax                                   ;user_fec1                
API;gvofimp;taxs;fec2_al;user_date2;date;99/99/9999;yes;UsrFec2_gvofimp;fecha2Usr;opcional;sales_offer_tax                                   ;user_fec2                
API;gvofimp;taxs;fec3_al;user_date3;date;99/99/9999;yes;UsrFec3_gvofimp;fecha3Usr;opcional;sales_offer_tax                                   ;user_fec3                
API;gvofimp;taxs;imp_imd;tax_amount;decimal;->>>,>>>,>>9.99;no;Importe;Introduzca el Importe;opcional;sales_offer_tax                                   ;tax_amount               
API;gvofimp;taxs;por_imd;tax_rate;decimal;->9.999999;no;Porcentaje;Introduzca el Porcentaje;opcional;sales_offer_tax                                   ;tax_rate                 
API;gvoflin;lines;art_amb;product_ambit;integer;>>9;no;Ambito Artículo;Introduzca el Ambito del Articulo;excluido;sales_offer_line                                  ;product_ambit            
API;gvoflin;lines;cana_lofe;assigned_quantity;decimal;->,>>>,>>9.99;no;Cantidad Asignada;Introduzca Cantidad Asignada;excluido;sales_offer_line                                  ;assigned_quantity        
API;gvoflin;lines;can_kit;kit_quantity;decimal;>,>>>,>>9.99;no;Cantidad Kit;Introduzca la Cantidad Pedida del Artículo;excluido;sales_offer_line                                  ;kit_quantity             
API;gvoflin;lines;can_lofe;quantity;decimal;->,>>>,>>9.99;no;Cantidad;Introduzca la Cantidad;obligatorio;sales_offer_line                                  ;quantity                 
API;gvoflin;lines;cer_lofe;is_closed;logical;Si/No;no;Cerrada;¿Cerrada?;excluido;sales_offer_line                                  ;is_closed                
API;gvoflin;lines;char1_al;user_char1;character;x(100);yes;UsrChar1_gvoflin;character1Usr;opcional;sales_offer_line                                  ;user_char1               
API;gvoflin;lines;char2_al;user_char2;character;x(100);yes;UsrChar2_gvoflin;character2Usr;opcional;sales_offer_line                                  ;user_char2               
API;gvoflin;lines;char3_al;user_char3;character;x(100);yes;UsrChar3_gvoflin;character3Usr;opcional;sales_offer_line                                  ;user_char3               
API;gvoflin;lines;char4_al;user_char4;character;x(100);yes;UsrChar4_gvoflin;character4Usr;opcional;sales_offer_line                                  ;user_char4               
API;gvoflin;lines;char5_al;user_char5;character;x(100);yes;UsrChar5_gvoflin;character5Usr;opcional;sales_offer_line                                  ;user_char5               
API;gvoflin;lines;char6_al;user_char6;character;x(100);yes;UsrChar6_gvoflin;character6Usr;opcional;sales_offer_line                                  ;user_char6               
API;gvoflin;lines;char7_al;user_char7;character;x(100);yes;UsrChar7_gvoflin;character7Usr;opcional;sales_offer_line                                  ;user_char7               
API;gvoflin;lines;char8_al;user_char8;character;x(100);yes;UsrChar8_gvoflin;character8Usr;opcional;sales_offer_line                                  ;user_char8               
API;gvoflin;lines;cod_art;product_id;character;x(24);no;Código Artículo;Introduzca el Código del Artículo;obligatorio;sales_offer_line                                  ;product_id               
API;gvoflin;lines;cod_cba;barcode;character;X(28);no;Código Barras;Introduzca Código de Barras;opcional;sales_offer_line                                  ;                         
API;gvoflin;lines;cod_iva;vat_id;integer;>9;no;Código IVA;Introduzca el Código de IVA;excluido;sales_offer_line                                  ;vat_id                   
API;gvoflin;lines;cod_kit;kit_product_id;character;X(24);no;Código Artículo Kit;Introduzca el Código del Artículo;excluido;sales_offer_line                                  ;kit_product_id           
API;gvoflin;lines;cod_mar;brand_id;integer;Z999;no;Código Marca;Introduzca el Código de la Marca;excluido;sales_offer_line                                  ;brand_id                 
API;gvoflin;lines;cod_obr;work_project_id;integer;999999999;no;Código Obra;;excluido;sales_offer_line                                  ;work_project_id          
API;gvoflin;lines;cod_pro;vendor_id;integer;9999;no;Código Proveedor;Introduzca Código de Proveedor;excluido;sales_offer_line                                  ;vendor_id                
API;gvoflin;lines;cod_sas;currency_id;character;x(3);no;Código Divisa;Introduzca el Código de la Divisa;excluido;sales_offer_line                                  ;currency_id              
API;gvoflin;lines;cod_uea;packing_unit_id;character;X(2);no;Código Embalaje;Introduzca la Unidad de Embalaje;opcional;sales_offer_line                                  ;packing_unit_id          
API;gvoflin;lines;cod_uea_c;packing_unit_purchase_id;character;X(2);no;Unidad Embalaje Compra;Introduzca la Unidad de Embalaje;excluido;sales_offer_line                                  ;packing_unit_purchase_id 
API;gvoflin;lines;cod_um_p;measurement_unit_weight;character;x(2);no;Unidad Medida Peso;Unidad de Medida del Peso;excluido;sales_offer_line                                  ;measurement_unit_weight  
API;gvoflin;lines;cod_um_v;measurement_unit_volume;character;x(2);no;Unidad Medida Volumen;Unidad de Medida del Volumen;excluido;sales_offer_line                                  ;measurement_unit_volume  
API;gvoflin;lines;cos_kit;kit_cost;decimal;>,>>>,>>9.99999;no;Coste Kit;Introduzca Coste;excluido;sales_offer_line                                  ;kit_cost                 
API;gvoflin;lines;cos_lofe;cost;decimal;>,>>>,>>9.99999;no;Coste;Introduzca Coste;excluido;sales_offer_line                                  ;cost                     
API;gvoflin;lines;ctl_lofe;product_code_corporative;character;x(20);no;Código Telematel;Introduzca el Código Corp/Tel;opcional;sales_offer_line                                  ;product_code_corporative 
API;gvoflin;lines;cueac_lofe;purchase_packing_unit_quantity;decimal;>>>,>>9.99;no;Cantidad Unid. Embalaje Compra;Introduzca Cantidad de Unidad de Embalaje.;excluido;sales_offer_line                                  ;purchase_packing_unit_qua
API;gvoflin;lines;cuea_lofe;packing_unit_quantity;decimal;>>>,>>9.99;no;Cantidad Unidad Embalaje;Introduzca Cantidad de Unidad de Embalaje.;opcional;sales_offer_line                                  ;packing_unit_quantity    
API;gvoflin;lines;dec1_al;user_dec1;decimal;->>,>>>,>>9.999;yes;UsrDec1_gvoflin;decimal1Usr;opcional;sales_offer_line                                  ;user_dec1                
API;gvoflin;lines;dec2_al;user_dec2;decimal;->>,>>>,>>9.999;yes;UsrDec2_gvoflin;decimal2Usr;opcional;sales_offer_line                                  ;user_dec2                
API;gvoflin;lines;dec3_al;user_dec3;decimal;->>,>>>,>>9.999;yes;UsrDec3_gvoflin;decimal3Usr;opcional;sales_offer_line                                  ;user_dec3                
API;gvoflin;lines;dec4_al;user_dec4;decimal;->>,>>>,>>9.999;yes;UsrDec4_gvoflin;decimal4Usr;opcional;sales_offer_line                                  ;user_dec4                
API;gvoflin;lines;dec5_al;user_dec5;decimal;->>,>>>,>>9.999;yes;UsrDec5_gvoflin;decimal5Usr;opcional;sales_offer_line                                  ;user_dec5                
API;gvoflin;lines;dec6_al;user_dec6;decimal;->>,>>>,>>9.999;yes;UsrDec6_gvoflin;decimal6Usr;opcional;sales_offer_line                                  ;user_dec6                
API;gvoflin;lines;des_kit;kit_description;character;x(800);no;Descripción Kit;Introduzca la Descripción;excluido;sales_offer_line                                  ;kit_description          
API;gvoflin;lines;det_lofe;description;character;x(800);no;Descripción;Introduzca la Descripción;opcional;sales_offer_line                                  ;description              
API;gvoflin;lines;die_lofe;delivery_days;integer;999;no;Días Entrega;Días de Entrega a partir de la Aceptación de la Oferta;excluido;sales_offer_line                                  ;delivery_days            
API;gvoflin;lines;dt1c_lofe;purchase_discount_1;decimal;->9.99;no;Descuento Primero Compra;Introduzca el % de Dtos de Compra;excluido;sales_offer_line                                  ;purchase_discount_1      
API;gvoflin;lines;dt1_lofe;discount_1;decimal;->9.99;no;Descuento Primero Venta;Introduzca el % de Dtos de Venta;opcional;sales_offer_line                                  ;discount_1               
API;gvoflin;lines;dt2c_lofe;purchase_discount_2;decimal;->9.99;no;Descuento Segundo Compra;Introduzca el % de Dtos de Compra;excluido;sales_offer_line                                  ;purchase_discount_2      
API;gvoflin;lines;dt2_lofe;discount_2;decimal;->9.99;no;Descuento Segundo Venta;Introduzca el % de Dtos de Venta;opcional;sales_offer_line                                  ;discount_2               
API;gvoflin;lines;dt3c_lofe;purchase_discount_3;decimal;->9.99;no;Descuento Tercero Compra;Introduzca el % de Dtos de Compra;excluido;sales_offer_line                                  ;purchase_discount_3      
API;gvoflin;lines;dt3_lofe;discount_3;decimal;->9.99;no;Descuento Tercero Venta;Introduzca el % de Dtos de Venta;opcional;sales_offer_line                                  ;discount_3               
API;gvoflin;lines;edi1_al;user_edi1;character;x(1000);yes;UsrEdi1_gvoflin;editor1Usr;opcional;sales_offer_line                                  ;user_edi1                
API;gvoflin;lines;edi2_al;user_edi2;character;x(1000);yes;UsrEdi2_gvoflin;editor2Usr;opcional;sales_offer_line                                  ;user_edi2                
API;gvoflin;lines;fec1_al;user_date1;date;99/99/9999;yes;UsrFec1_gvoflin;fecha1Usr;opcional;sales_offer_line                                  ;user_fec1                
API;gvoflin;lines;fec2_al;user_date2;date;99/99/9999;yes;UsrFec2_gvoflin;fecha2Usr;opcional;sales_offer_line                                  ;user_fec2                
API;gvoflin;lines;fec3_al;user_date3;date;99/99/9999;yes;UsrFec3_gvoflin;fecha3Usr;opcional;sales_offer_line                                  ;user_fec3                
API;gvoflin;lines;fen_lofe;delivery_date;date;99/99/9999;no;Fecha Entrega;Fecha de Entrega del Material;opcional;sales_offer_line                                  ;delivery_date            
API;gvoflin;lines;imp_lofe;amount;decimal;>>>,>>>,>>9.99;no;Importe;Intoduzca Importe;excluido;sales_offer_line                                  ;amount                   
API;gvoflin;lines;inc_kit;kit_increment;decimal;->9.99;no;Incremento Kit;Introduzca % Incremento Sobre el Coste;excluido;sales_offer_line                                  ;kit_increment            
API;gvoflin;lines;inc_lofe;increment;decimal;->9.99;no;Incremento;Introduzca % Incremento Sobre el Coste;excluido;sales_offer_line                                  ;increment                
API;gvoflin;lines;itas_lofe;tax_amount;decimal;->,>>>,>>9.999;no;Importe Tasa;Importe Tasa;opcional;sales_offer_line                                  ;tax_amount               
API;gvoflin;lines;ldoc_lofe;origin_document_line;integer;999999;no;Línea Documento Origen;Línea Documento Origen;excluido;sales_offer_line                                  ;origin_document_line     
API;gvoflin;lines;lin_lofe;line_number;integer;9999999;no;Línea;Introduzca Línea de la oferta;opcional;sales_offer_line                                  ;line_number              
API;gvoflin;lines;obs_lofe;notes;character;X(800);no;Observación;Introducir Observaciones;excluido;sales_offer_line                                  ;notes                    
API;gvoflin;lines;ord_lofe;line_order;integer;9999999;no;Orden;Introduzca el Numero de orden de la Línea de Oferta;opcional;sales_offer_line                                  ;line_order               
API;gvoflin;lines;pes_lofe;weight;decimal;>,>>>,>>>,>>>,>>>,>>9.99;no;Peso;Peso;excluido;sales_offer_line                                  ;weight                   
API;gvoflin;lines;prec_lofe;purchase_price;decimal;->>,>>>,>>9.999;no;Precio compra;Introduzca Precio Compra;excluido;sales_offer_line                                  ;purchase_price           
API;gvoflin;lines;pre_kit;kit_price;decimal;>,>>>,>>9.999;no;Precio Kit;Introduzca el Precio de Venta Unitario en Pts;excluido;sales_offer_line                                  ;kit_price                
API;gvoflin;lines;pre_lofe;price;decimal;>,>>>,>>9.999;no;Precio;Introduzca Precio;opcional;sales_offer_line                                  ;price                    
API;gvoflin;lines;proc_lofe;origin_type;character;X(2);no;Procedencia;Procedencia de la línea;excluido;sales_offer_line                                  ;origin_type              
API;gvoflin;lines;pro_amb;vendor_ambit;integer;>>9;no;Ambito Proveedor;Introduzca el Ambito del Proveedor;excluido;sales_offer_line                                  ;vendor_ambit             
API;gvoflin;lines;rec_lofe;is_reclaculable;logical;S/N;no;Recalculable;Indica si la línea es recalculable.;excluido;sales_offer_line                                  ;is_reclaculable          
API;gvoflin;lines;ref_kit;kit_reference;character;X(24);no;Ref.Artículo Kit;Introduzca la Referencia del Fabricante;excluido;sales_offer_line                                  ;kit_reference            
API;gvoflin;lines;ref_lofe;product_reference;character;x(24);no;Referencia Artículo;Introduzca la Referencia del Articulo;obligatorio;sales_offer_line                                  ;product_reference        
API;gvoflin;lines;tas_lofe;has_tax;logical;S/N;no;Tasa;Tasa de Reciclaje;opcional;sales_offer_line                                  ;has_tax                  
API;gvoflin;lines;ten_lofe;delivery_time;integer;>>9;no;Plazo Entrega;Plazo de Entrega;excluido;sales_offer_line                                  ;delivery_time            
API;gvoflin;lines;tlin_lofe;line_type;character;X(1);no;Tipo de Linea;Introduzca Tipo de Linea: Articulo o Texto;opcional;sales_offer_line                                  ;line_type                
API;gvoflin;lines;val_kit;kit_price_calculation_method;logical;C/P;no;Valoración Kit;Introduzca Sistema de Valoración;excluido;sales_offer_line                                  ;kit_price_calculation_met
API;gvoflin;lines;val_lofe;price_calculation_method;logical;C/P;no;Sistema de Valoración;Introduzca Sistema de Valoración;excluido;sales_offer_line                                  ;price_calculation_method 
API;gvpccab;salesorders;adj_cpc;has_attachments;logical;Si/No;no;Documentos Adjuntos;Documentos adjuntos asociados;excluido;sales_order                                       ;has_attachments          
API;gvpccab;salesorders;agr_cpc;group_delivery_notes;character;x;no;Agrupar Albaranes;Introduzca (S/N/R) Agrupar Albaranes ó (R) por Referencia;excluido;sales_order                                       ;group_delivery_notes     
API;gvpccab;salesorders;albu_cpc;single_delivery_note;logical;S/N;no;Albarán Único;Crear Albarán Único en Asignación Pedido;excluido;sales_order                                       ;single_delivery_note     
API;gvpccab;salesorders;ant_cpc;advance_payment_amount;decimal;>>>,>>>,>>9.99;no;Anticipo;Introduzca importe del anticipo;excluido;sales_order                                       ;advance_payment_amount   
API;gvpccab;salesorders;bas_cpc1;tax_base_1;decimal;->,>>>,>>>,>>9.99;no;Base Imponible [1];Valide ó Introduzca Base Imponible [1];excluido;sales_order                                       ;tax_base_1               
API;gvpccab;salesorders;bas_cpc2;tax_base_2;decimal;->,>>>,>>>,>>9.99;no;Base Imponible [2];Valide ó Introduzca Base Imponible [2];excluido;sales_order                                       ;tax_base_2               
API;gvpccab;salesorders;bas_cpc3;tax_base_3;decimal;->,>>>,>>>,>>9.99;no;Base Imponible [3];Valide ó Introduzca Base Imponible [3];excluido;sales_order                                       ;tax_base_3               
API;gvpccab;salesorders;blq_cpc;is_locked;logical;SI/NO;no;Bloqueo;Introduzca (SI/NO) el Pedido Está Bloqueado;opcional;sales_order                                       ;is_locked                
API;gvpccab;salesorders;bru_cpc;gross_amount;decimal;>>>,>>>,>>9.99;no;Importe Bruto;Introduzca el Importe Bruto del pedido;excluido;sales_order                                       ;gross_amount             
API;gvpccab;salesorders;can_sas;currency_quantity;integer;>>,>>>,>>9;no;Cantidad;Introduza la cantidad monetaria;excluido;sales_order                                       ;currency_quantity        
API;gvpccab;salesorders;cap_cpc;preparation_grouping_criteria;character;x;no;Criterio Albaranes Preparacion;(C)liente (P)edido (R)eferencia;excluido;sales_order                                       ;                         
API;gvpccab;salesorders;cer_cpc;is_closed;logical;SI/NO;no;Cerrado;Introduzca (SI/NO) el Pedido Está Cerrado;excluido;sales_order                                       ;is_closed                
API;gvpccab;salesorders;char1_al;user_char1;character;X(100);yes;UsrChar1_gvpccab;character1Usr;opcional;sales_order                                       ;user_char1               
API;gvpccab;salesorders;char2_al;user_char2;character;X(100);yes;UsrChar2_gvpccab;character2Usr;opcional;sales_order                                       ;user_char2               
API;gvpccab;salesorders;char3_al;user_char3;character;X(100);yes;UsrChar3_gvpccab;character3Usr;opcional;sales_order                                       ;user_char3               
API;gvpccab;salesorders;char4_al;user_char4;character;X(100);yes;UsrChar4_gvpccab;character4Usr;opcional;sales_order                                       ;user_char4               
API;gvpccab;salesorders;cif_cli;vat_number;character;X(18);no;C.I.F.;Introduzca el C.I.F. / D.N.I. del Cliente;opcional;sales_order                                       ;vat_number               
API;gvpccab;salesorders;cli_amb;customer_ambit;integer;>>9;no;Ambito Cliente;Ambito de Cliente;excluido;sales_order                                       ;customer_ambit           
API;gvpccab;salesorders;Cod_avis;notification_id;integer;9999999;no;Código Aviso;Aviso;excluido;sales_order                                       ;notification_id          
API;gvpccab;salesorders;cod_cen;shipping_address_id;integer;9999;no;Código Dirección Mercaderías;Introduzca el Código de la Dirección de Mercaderías del Cliente;excluido;sales_order                                       ;shipping_address_id      
API;gvpccab;salesorders;cod_cene;document_address_id;integer;9999;no;Código Dirección Envio;Introduzca el Código de la Dirección de Envío del Cliente;excluido;sales_order                                       ;document_address_id      
API;gvpccab;salesorders;cod_cli;customer_id;integer;99999;no;Código Cliente;Introduzca Código de Cliente;obligatorio;sales_order                                       ;customer_id              
API;gvpccab;salesorders;cod_cli_ins;installation_customer_id;integer;99999;no;Cliente Instalación;Introduzca Código de Cliente Instalación;excluido;sales_order                                       ;installation_customer_id 
API;gvpccab;salesorders;cod_coe;delivery_terms;character;X(3);no;Código Condición Entrega;Introduzca Condición de Entrega;opcional;sales_order                                       ;delivery_terms           
API;gvpccab;salesorders;cod_cpc;sale_order_id;integer;9999999;no;Código Pedido Venta;Introduzca el Número del Pedido;excluido;sales_order                                       ;sales_order_id           
API;gvpccab;salesorders;cod_del;branch_id;integer;99;no;Código Delegación;Intoduzca la delegación;opcional;sales_order                                       ;branch_id                
API;gvpccab;salesorders;cod_empl;worker_id;integer;9999;no;Código Empleado;Empleado;excluido;sales_order                                       ;worker_id                
API;gvpccab;salesorders;cod_ent;company_id;integer;99;no;Código Empresa;Intoduzca la empresa;opcional;sales_order                                       ;company_id               
API;gvpccab;salesorders;cod_fpg;payment_method_id;integer;999;no;Código Forma de Pago;Introduzca la Forma de Pago para este Pedido;opcional;sales_order                                       ;payment_method_id        
API;gvpccab;salesorders;cod_ins;installation_id;integer;99999;no;Código Instalación;Introduzca la Instalación;excluido;sales_order                                       ;installation_id          
API;gvpccab;salesorders;cod_ofe;sale_offer_id;integer;9999999;no;Código Oferta;;excluido;sales_order                                       ;sales_offer_id           
API;gvpccab;salesorders;cod_ot;work_order_id;integer;999999999;no;Código OT;OT donde se vincula el Pedido;excluido;sales_order                                       ;work_order_id            
API;gvpccab;salesorders;cod_pai;country_id;character;x(2);no;Código Pais;Introduzca el Código de País del Cliente;opcional;sales_order                                       ;country_id               
API;gvpccab;salesorders;cod_pai_m;shipping_country_id;character;X(2);no;Código Pais Entraga;Código de País;opcional;sales_order                                       ;shipping_country_id      
API;gvpccab;salesorders;cod_perf;periodicity_id;integer;99;no;Código Periodicidad;Código de Periodicidad;excluido;sales_order                                       ;periodicity_id           
API;gvpccab;salesorders;cod_proc;origin_id;character;X(3);no;Código Procedencia;Introduzca la Procedencia del Pedido;opcional;sales_order                                       ;origin_id                
API;gvpccab;salesorders;cod_provi;province_id;integer;99;no;Código Provincia Dirección;Introduzca el Código de la Provincia;opcional;sales_order                                       ;province_id              
API;gvpccab;salesorders;cod_provi_m;shipping_province_id;integer;99;no;Código Provincia Entrega;Código de la Provincia de la entrega;opcional;sales_order                                       ;shipping_province_id     
API;gvpccab;salesorders;cod_rep;sales_representative_id;integer;9999;no;Código Agente Comercial;Introduzca el Código de Representante Asignado al Pedido;opcional;sales_order                                       ;sales_representative_id  
API;gvpccab;salesorders;cod_sas;currency_id;character;x(3);no;Código Divisa;Introduzca el Código de la Divisa;excluido;sales_order                                       ;currency_id              
API;gvpccab;salesorders;cod_szon;subzone_id;integer;99999;no;Código Subzona;Subzona;excluido;sales_order                                       ;subzone_id               
API;gvpccab;salesorders;cod_telc;customer_contact_id;integer;99999;no;Telefono Activo;Introduzca Teléfono Activo.;excluido;sales_order                                       ;customer_contact_id      
API;gvpccab;salesorders;cod_tra;carrier_id;integer;>>9;no;Código Transportista;Introduzca el Transportista a Utilizar para este Pedido;opcional;sales_order                                       ;carrier_id               
API;gvpccab;salesorders;cod_usu;user_id;character;x(8);no;Código Usuario;Código del Usuario;excluido;sales_order                                       ;user_id                  
API;gvpccab;salesorders;cod_via;street_type;character;X(2);no;Código Via;Introduzca Sigla de la vía pública;excluido;sales_order                                       ;street_type              
API;gvpccab;salesorders;cod_via_m;shipping_street_type;character;X(2);no;Código Via Entrega;Código de Vía;excluido;sales_order                                       ;shipping_street_type     
API;gvpccab;salesorders;cod_zon;zone_id;integer;999;no;Código Zona;Zona;excluido;sales_order                                       ;zone_id                  
API;gvpccab;salesorders;com_cpc;comission_percent;decimal;>9.99;no;Porcentaje Comisión;Valide ó Introduzca el % de Comisión;excluido;sales_order                                       ;comission_percent        
API;gvpccab;salesorders;cos_cpc;cost;decimal;->>>,>>>,>>9.99999;no;Coste;Introduzca Coste;excluido;sales_order                                       ;cost                     
API;gvpccab;salesorders;c_cod_telc;buyer_id;character;X(10);no;Indentificador Comprador;Indentificador de Comprador;excluido;sales_order                                       ;buyer_id                 
API;gvpccab;salesorders;ddel_cpc;distribution_branch_id;integer;99;no;Código Delegación;Intoduzca la delegación;excluido;sales_order                                       ;distribution_branch_id   
API;gvpccab;salesorders;dent_cpc;distribution_company_id;integer;9;no;Código Empresa;Intoduzca la empresa;excluido;sales_order                                       ;distribution_company_id  
API;gvpccab;salesorders;dir_cli;street_name;character;x(55);no;Dirección;Introduzca la Dirección del Cliente;opcional;sales_order                                       ;street_name              
API;gvpccab;salesorders;dir_mer;shipping_street_name;character;X(55);no;Dirección Entrega;Dirección de Entrega del Pedido;opcional;sales_order                                       ;shipping_street_name     
API;gvpccab;salesorders;dpec_cpc;distribution_purchase_order_id;integer;9999999;no;Número Pedido Compra;Introduzca el Número del Pedido de Compra;excluido;sales_order                                       ;distribution_purchase_ord
API;gvpccab;salesorders;dpev_cpc;distribution_sale_order_id;integer;9999999;no;Número Pedido;Introduzca el Número del Pedido;excluido;sales_order                                       ;distribution_sale_order_i
API;gvpccab;salesorders;dpo_cli;postal_code;integer;99999;no;Distrito Postal Cliente;Introduzca el Distrito Postal del Cliente;opcional;sales_order                                       ;postal_code              
API;gvpccab;salesorders;dpo_mer;shipping_postal_code;integer;99999;no;Distrito Postal Entrega;Distrito Postal de la entrega;opcional;sales_order                                       ;shipping_postal_code     
API;gvpccab;salesorders;dpp_cpc;prompt_payment_discount;decimal;->9.99;no;Descuento Pronto Pago;Introduzca +/- % Dto. P.Pago para el Pedido;opcional;sales_order                                       ;prompt_payment_discount  
API;gvpccab;salesorders;ema_cpc;sent_by_email;logical;Si/No;no;Enviado por Email;;excluido;sales_order                                       ;sent_by_email            
API;gvpccab;salesorders;ema_mer;email;character;X(60);no;E-mail;E-mail;opcional;sales_order                                       ;email                    
API;gvpccab;salesorders;emb_cpc;packaging_cost;decimal;>>>,>>9.99;no;Embalajes;Introduzca el Coste del Embalaje;opcional;sales_order                                       ;packaging_cost           
API;gvpccab;salesorders;fax_cpc;sent_by_fax;logical;Si/No;no;Enviado por Fax;;excluido;sales_order                                       ;sent_by_fax              
API;gvpccab;salesorders;fax_mer;fax;character;X(18);no;Fax;Fax de la dirección de entrega;opcional;sales_order                                       ;fax                      
API;gvpccab;salesorders;fec_cpc;date;date;99/99/9999;no;Fecha Pedido;Introduzca la Fecha del Pedido;opcional;sales_order                                       ;date                     
API;gvpccab;salesorders;ffc_cpc;fixed_payment_date;date;99/99/9999;no;Fecha Fija Cobro;Introduzca la Fecha de Cobro del Pedido;excluido;sales_order                                       ;fixed_payment_date       
API;gvpccab;salesorders;fre_cpc;registration_date;date;99/99/9999;no;Fecha Registro;Introduzca la Fecha de Registro;excluido;sales_order                                       ;registration_date        
API;gvpccab;salesorders;fum_cpc;last_modified_date;date;99/99/9999;no;Última Fecha Modificación;Última Fecha Modificación;excluido;sales_order                                       ;last_modified_date       
API;gvpccab;salesorders;hre_cpc;registration_time;character;99:99;no;Hora Registro;Hora Registro;excluido;sales_order                                       ;registration_time        
API;gvpccab;salesorders;Id_unico;unique_id;int64;99999999999999999999;no;Id único;;excluido;sales_order                                       ;unique_id                
API;gvpccab;salesorders;iffc_cpc;has_fixed_payment_date;logical;SI/NO;no;Indicar Fecha Cobro;Introduzca (SI/NO) el Pedido tiene Fecha Cobro Fija;excluido;sales_order                                       ;has_fixed_payment_date   
API;gvpccab;salesorders;Iiv_cpc1;tax_amount_1;decimal;->>>,>>>,>>9.99;no;Importe IVA [1];Introduzca Importe IVA [1];excluido;sales_order                                       ;tax_amount_1             
API;gvpccab;salesorders;Iiv_cpc2;tax_amount_2;decimal;->>>,>>>,>>9.99;no;Importe IVA [2];Introduzca Importe IVA [2];excluido;sales_order                                       ;tax_amount_2             
API;gvpccab;salesorders;Iiv_cpc3;tax_amount_3;decimal;->>>,>>>,>>9.99;no;Importe IVA [3];Introduzca Importe IVA [3];excluido;sales_order                                       ;tax_amount_3             
API;gvpccab;salesorders;ipb_cpc;retention_base;decimal;->>>,>>>,>>9.99;no;Base Imponible IRPF;Introduzca la Base a la que se Aplica el % de IRPF;excluido;sales_order                                       ;retention_base           
API;gvpccab;salesorders;ipf_cpc;retention_rate;decimal;>9.99;no;IRPF;Introduzca el % de IRPF a Aplicar en Oferta;excluido;sales_order                                       ;retention_rate           
API;gvpccab;salesorders;ipi_cpc;retention_amount;decimal;->,>>>,>>9.99;no;Importe IRPF;Valide ó Introduzca el Importe del IRPF;excluido;sales_order                                       ;retention_amount         
API;gvpccab;salesorders;ipr_cpc;printed;logical;SI/NO;no;Impreso;Introduzca (SI/NO) el Pedido Está Impreso;excluido;sales_order                                       ;printed                  
API;gvpccab;salesorders;irq_cpc1;sales_equalization_amount_1;decimal;->>>,>>>,>>9.99;no;Importe Recargo Equivalencia 1;Importe del Recargo de Equivalencia [1];excluido;sales_order                                       ;sales_equalization_amount
API;gvpccab;salesorders;irq_cpc2;sales_equalization_amount_2;decimal;->>>,>>>,>>9.99;no;Importe Recargo Equivalencia 2;Importe del Recargo de Equivalencia [2];excluido;sales_order                                       ;sales_equalization_amount
API;gvpccab;salesorders;irq_cpc3;sales_equalization_amount_3;decimal;->>>,>>>,>>9.99;no;Importe Recargo Equivalencia 3;Importe del Recargo de Equivalencia [3];excluido;sales_order                                       ;sales_equalization_amount
API;gvpccab;salesorders;iva_cpc1;vat_rate_1;decimal;>9.99;no;Porcentaje IVA [1];Introduzca % de IVA [1];excluido;sales_order                                       ;vat_rate_1               
API;gvpccab;salesorders;iva_cpc2;vat_rate_2;decimal;>9.99;no;Porcentaje IVA [2];Introduzca % de IVA [2];excluido;sales_order                                       ;vat_rate_2               
API;gvpccab;salesorders;iva_cpc3;vat_rate_3;decimal;>9.99;no;Porcentaje IVA [3];Introduzca % de IVA [3];excluido;sales_order                                       ;vat_rate_3               
API;gvpccab;salesorders;la1_cpc;latitude_degrees;integer;-99;no;Latitud grados;Latitud (grados);excluido;sales_order                                       ;latitude_degrees         
API;gvpccab;salesorders;la2_cpc;latitude_minutes;integer;99;no;Latitud minutos;Latitud (minutos);excluido;sales_order                                       ;latitude_minutes         
API;gvpccab;salesorders;la3_cpc;latitude_seconds;integer;99;no;Latitud segundos;Latitud ( segundos );excluido;sales_order                                       ;latitude_seconds         
API;gvpccab;salesorders;lcod_aut;pending_authorizations;character;x(40);no;Autorizaciones Pendientes;Autorizaciones Pendientes;excluido;sales_order                                       ;pending_authorizations   
API;gvpccab;salesorders;lo1_cpc;longitude_degrees;integer;999;no;Longitud grados;Longitud ( grados );excluido;sales_order                                       ;longitude_degrees        
API;gvpccab;salesorders;lo2_cpc;longitude_minutes;integer;99;no;Longitud minutos;Longitud ( minutos );excluido;sales_order                                       ;longitude_minutes        
API;gvpccab;salesorders;lo3_cpc;longitude_seconds;integer;99;no;Longitud segundos;Longitud  (segundos);excluido;sales_order                                       ;longitude_seconds        
API;gvpccab;salesorders;mau_cpc;has_authorized_margins;logical;yes/no;no;Márgenes Autorizados;Márgenes Autorizados;excluido;sales_order                                       ;has_authorized_margins   
API;gvpccab;salesorders;num_cli;street_number;character;X(4);no;Número Via;Introduzca número de la vía pública;opcional;sales_order                                       ;street_number            
API;gvpccab;salesorders;num_mer;shipping_street_number;character;X(4);no;Número Via Entrega;Número de la via de la entrega;opcional;sales_order                                       ;shipping_street_number   
API;gvpccab;salesorders;obs_cpc;notes;character;x(400);no;Observaciones;Introduzca las Observaciones a cerca del Cliente;opcional;sales_order                                       ;notes                    
API;gvpccab;salesorders;pau_cpc;is_pending_authorization;logical;yes/no;no;Pendiente Autorizar;Introduzca (SI/NO) el Pedido está Pendiente de Autorizar;excluido;sales_order                                       ;is_pending_authorization 
API;gvpccab;salesorders;pec_cpc;is_full_order;logical;SI/NO;no;Pedido Completo;Ped.Completo SI/NO;opcional;sales_order                                       ;is_full_order            
API;gvpccab;salesorders;per_cen;contact_person;character;x(55);no;Persona Contacto;Introduzca el nombre de la Persona de Contacto;opcional;sales_order                                       ;contact_person           
API;gvpccab;salesorders;pob_cli;city;character;x(30);no;Población Cliente;Introduzca la Población del Cliente;opcional;sales_order                                       ;city                     
API;gvpccab;salesorders;pob_mer;shipping_city;character;X(30);no;Población Entrega;Población de la entrega;opcional;sales_order                                       ;shipping_city            
API;gvpccab;salesorders;por_cpc;shipping_cost;decimal;>>>,>>9.99;no;Portes;Introduzca Importe de Portes;opcional;sales_order                                       ;shipping_cost            
API;gvpccab;salesorders;raz_cli;business_name;character;X(100);no;Razón Social;Introduzca la Razón Social del Cliente;opcional;sales_order                                       ;business_name            
API;gvpccab;salesorders;raz_mer;shipping_business_name;character;X(100);no;Razón Social Entrega;Introduzca la Razón Social de la Entrega;opcional;sales_order                                       ;shipping_business_name   
API;gvpccab;salesorders;ref2_cpc;reference_2;character;x(20);no;Referencia 2;Segunda Referencia del Pedido;opcional;sales_order                                       ;reference_2              
API;gvpccab;salesorders;ref_cpc;reference;character;x(20);no;Referencia;Introduzca una Referencia Interna del Pedido;obligatorio;sales_order                                       ;reference                
API;gvpccab;salesorders;repl_ped;is_replicated;logical;yes/no;no;Replicado;;excluido;sales_order                                       ;is_replicated            
API;gvpccab;salesorders;req_cpc1;sales_equalization_rate_1;decimal;>9.99;no;Recargo Equivalencia 1;Introduzca % Recargo de Equivalencia [1];excluido;sales_order                                       ;sales_equalization_rate_1
API;gvpccab;salesorders;req_cpc2;sales_equalization_rate_2;decimal;>9.99;no;Recargo Equivalencia 2;Introduzca % Recargo de Equivalencia [2];excluido;sales_order                                       ;sales_equalization_rate_2
API;gvpccab;salesorders;req_cpc3;sales_equalization_rate_3;decimal;>9.99;no;Recargo Equivalencia 3;Introduzca % Recargo de Equivalencia [3];excluido;sales_order                                       ;sales_equalization_rate_3
API;gvpccab;salesorders;rfi_cpc;financial_surcharge_rate;decimal;>9.99;no;Recargo Financiero;Introduzca +/- % de Recargo Financiero;opcional;sales_order                                       ;financial_surcharge_rate 
API;gvpccab;salesorders;rpr_cpc;pricing_reference;character;x(20);no;Referencia Precio;Referencia de Precio;excluido;sales_order                                       ;pricing_reference        
API;gvpccab;salesorders;tel_cli;phone;character;X(18);no;Teléfono Cliente;Introduzca el Teléfono del Cliente;excluido;sales_order                                       ;phone                    
API;gvpccab;salesorders;tel_mer;shipping_phone;character;X(18);no;Teléfono Entrega;Teléfono  de la dirección de entrega;opcional;sales_order                                       ;shipping_phone           
API;gvpccab;salesorders;ten_cpc;delivery_type;character;X(1);no;Tipo de Entrega;Introduzca Tipo de Entrega;excluido;sales_order                                       ;delivery_type            
API;gvpccab;salesorders;tip_cli;discount_type;integer;9;no;Tipo Descuento;Introduzca el Tipo de Descuento de Ventas (0-8);excluido;sales_order                                       ;discount_type            
API;gvpccab;salesorders;tot_cpc;amount;decimal;->>>,>>>,>>9.99;no;Total Importe;Introduzca Importe Total;excluido;sales_order                                       ;amount                   
API;gvpccab;salesorders;usum_cpc;last_modification_user_id;character;x(8);no;Usuario Última Modificación;Usuario Última Modificación;excluido;sales_order                                       ;last_modification_user_id
API;gvpccab;salesorders;val_sas;currency_value;decimal;>>,>>>,>>9.999<<<<<;no;Valor Divisa;Introduzca valor de la divisa;excluido;sales_order                                       ;currency_value           
API;gvpccab;salesorders;vco_cpc;is_linked_with_purchases;logical;Si/No;no;Vinculado con Compras;;excluido;sales_order                                       ;is_linked_with_purchases 
API;gvpcimp;taxes;bas_imd;tax_base;decimal;->>>,>>>,>>9.99;no;Base;Introduzca la Base;opcional;sales_order_tax                                   ;tax_base                 
API;gvpcimp;taxes;char1_al;user_char1;character;x(100);yes;UsrChar1_gvpcimp;character1Usr;opcional;sales_order_tax                                   ;user_char1               
API;gvpcimp;taxes;char2_al;user_char2;character;x(100);yes;UsrChar2_gvpcimp;character2Usr;opcional;sales_order_tax                                   ;user_char2               
API;gvpcimp;taxes;char3_al;user_char3;character;x(100);yes;UsrChar3_gvpcimp;character3Usr;opcional;sales_order_tax                                   ;user_char3               
API;gvpcimp;taxes;char4_al;user_char4;character;x(100);yes;UsrChar4_gvpcimp;character4Usr;opcional;sales_order_tax                                   ;user_char4               
API;gvpcimp;taxes;char5_al;user_char5;character;x(100);yes;UsrChar5_gvpcimp;character5Usr;opcional;sales_order_tax                                   ;user_char5               
API;gvpcimp;taxes;char6_al;user_char6;character;x(100);yes;UsrChar6_gvpcimp;character6Usr;opcional;sales_order_tax                                   ;user_char6               
API;gvpcimp;taxes;char7_al;user_char7;character;x(100);yes;UsrChar7_gvpcimp;character7Usr;opcional;sales_order_tax                                   ;user_char7               
API;gvpcimp;taxes;char8_al;user_char8;character;x(100);yes;UsrChar8_gvpcimp;character8Usr;opcional;sales_order_tax                                   ;user_char8               
API;gvpcimp;taxes;cod_imd;tax_id;integer;99;no;Tipo Impuesto;Introduzca el Código de Tipo de Impuesto;opcional;sales_order_tax                                   ;tax_id                   
API;gvpcimp;taxes;cod_imp;tax_type;integer;99;no;Tipo Impuesto;Introduzca el Tipo de Impuesto;opcional;sales_order_tax                                   ;tax_type                 
API;gvpcimp;taxes;dec1_al;user_dec1;decimal;->>,>>>,>>9.999;yes;UsrDec1_gvpcimp;decimal1Usr;opcional;sales_order_tax                                   ;user_dec1                
API;gvpcimp;taxes;dec2_al;user_dec2;decimal;->>,>>>,>>9.999;yes;UsrDec2_gvpcimp;decimal2Usr;opcional;sales_order_tax                                   ;user_dec2                
API;gvpcimp;taxes;dec3_al;user_dec3;decimal;->>,>>>,>>9.999;yes;UsrDec3_gvpcimp;decimal3Usr;opcional;sales_order_tax                                   ;user_dec3                
API;gvpcimp;taxes;dec4_al;user_dec4;decimal;->>,>>>,>>9.999;yes;UsrDec4_gvpcimp;decimal4Usr;opcional;sales_order_tax                                   ;user_dec4                
API;gvpcimp;taxes;dec5_al;user_dec5;decimal;->>,>>>,>>9.999;yes;UsrDec5_gvpcimp;decimal5Usr;opcional;sales_order_tax                                   ;user_dec5                
API;gvpcimp;taxes;dec6_al;user_dec6;decimal;->>,>>>,>>9.999;yes;UsrDec6_gvpcimp;decimal6Usr;opcional;sales_order_tax                                   ;user_dec6                
API;gvpcimp;taxes;edi1_al;user_edi1;character;x(1000);yes;UsrEdi1_gvpcimp;editor1Usr;opcional;sales_order_tax                                   ;user_edi1                
API;gvpcimp;taxes;edi2_al;user_edi2;character;x(1000);yes;UsrEdi2_gvpcimp;editor2Usr;opcional;sales_order_tax                                   ;user_edi2                
API;gvpcimp;taxes;fec1_al;user_date1;date;99/99/9999;yes;UsrFec1_gvpcimp;fecha1Usr;opcional;sales_order_tax                                   ;user_fec1                
API;gvpcimp;taxes;fec2_al;user_date2;date;99/99/9999;yes;UsrFec2_gvpcimp;fecha2Usr;opcional;sales_order_tax                                   ;user_fec2                
API;gvpcimp;taxes;fec3_al;user_date3;date;99/99/9999;yes;UsrFec3_gvpcimp;fecha3Usr;opcional;sales_order_tax                                   ;user_fec3                
API;gvpcimp;taxes;imp_imd;tax_amount;decimal;->>>,>>>,>>9.99;no;Importe;Introduzca el Importe;opcional;sales_order_tax                                   ;tax_amount               
API;gvpcimp;taxes;por_imd;tax_rate;decimal;->9.999999;no;Porcentaje;Introduzca el Porcentaje;opcional;sales_order_tax                                   ;tax_rate                 
API;gvpclin;lines;art_amb;product_ambit;integer;>>9;no;Ambito Artículo;Introduzca el Ambito del Articulo;excluido;sales_order_line                                  ;product_ambit            
API;gvpclin;lines;ati_lpc;is_atypical_sale;logical;S/N;no;Venta Atípica;Indica si la venta es atípica;excluido;sales_order_line                                  ;is_atypical_sale         
API;gvpclin;lines;autoriza_mg;is_margin_authorized;logical;si/no;no;Autoriza Margen;;excluido;sales_order_line                                  ;is_margin_authorized     
API;gvpclin;lines;cer_lpc;is_closed;logical;Si/No;no;Cerrada la Línea;Introduzca (S/N) Está Cerrada la Línea;excluido;sales_order_line                                  ;is_closed                
API;gvpclin;lines;char5_al;user_char5;character;x(100);yes;UsrChar5_gvpclin;character5Usr;opcional;sales_order_line                                  ;user_char5               
API;gvpclin;lines;char6_al;user_char6;character;x(100);yes;UsrChar6_gvpclin;character6Usr;opcional;sales_order_line                                  ;user_char6               
API;gvpclin;lines;cod_alm;warehouse_id;integer;99;no;Código Almacén;Código de Almacén de asignación del Pedido.;excluido;sales_order_line                                  ;warehouse_id             
API;gvpclin;lines;cod_art;product_id;character;x(24);no;Código Artículo;Introduzca el Código del Artículo;obligatorio;sales_order_line                                  ;product_id               
API;gvpclin;lines;cod_iva;vat_id;integer;>9;no;Código IVA;Introduzca el Código de IVA;opcional;sales_order_line                                  ;vat_id                   
API;gvpclin;lines;cod_mar;brand_id;integer;Z999;no;Código Marca;Introduzca el Código de la Marca;excluido;sales_order_line                                  ;brand_id                 
API;gvpclin;lines;cod_obr;work_id;integer;999999999;no;Código Obra;;excluido;sales_order_line                                  ;work_id                  
API;gvpclin;lines;cod_ofe;sale_offer_id;integer;9999999;no;Código Oferta;;excluido;sales_order_line                                  ;sales_offer_id           
API;gvpclin;lines;cod_pro;vendor_id;integer;9999;no;Código Proveedor;Proveedor al que se Comprará el Artículo;excluido;sales_order_line                                  ;vendor_id                
API;gvpclin;lines;cod_rep;sales_representative_id;integer;9999;no;Código Agente Comercial;Introduzca el Código de Representante;opcional;sales_order_line                                  ;sales_representative_id  
API;gvpclin;lines;cod_uea;packing_unit_id;character;X(2);no;Código Embalaje;Introduzca la Unidad de Embalaje;excluido;sales_order_line                                  ;packing_unit_id          
API;gvpclin;lines;cod_uea_c;purchase_packing_unit_id;character;X(2);no;Código Unidad Embalaje Compra;Embalaje de la compra del Artículo;excluido;sales_order_line                                  ;purchase_packing_unit_id 
API;gvpclin;lines;cod_um_p;measurement_unit_weight;character;x(2);no;Unidad Medida Peso;Unidad de Medida del Peso;excluido;sales_order_line                                  ;measurement_unit_weight  
API;gvpclin;lines;cod_um_v;measurement_unit_volume;character;x(2);no;Unidad Medida Volumen;Unidad de Medida del VOlumen;excluido;sales_order_line                                  ;measurement_unit_volume  
API;gvpclin;lines;cod_zon;zone_id;character;x;no;Código Zona;Código de Zona de Asignación del Pedido;excluido;sales_order_line                                  ;zone_id                  
API;gvpclin;lines;com_lpc;direct_commission;decimal;>9.99;no;Comisión Directa;Introduzca la Comisión Directa del Representante;excluido;sales_order_line                                  ;direct_commission        
API;gvpclin;lines;cos_lpc;cost;decimal;>,>>>,>>9.99999;no;Coste Venta;Introduzca el Coste de la Venta;excluido;sales_order_line                                  ;cost                     
API;gvpclin;lines;cpe_lpc;ordered_quantity;decimal;>,>>>,>>9.99;no;Cantidad Pedida;Introduzca la Cantidad Pedida del Artículo;obligatorio;sales_order_line                                  ;ordered_quantity         
API;gvpclin;lines;cpr_lpc;prepared_quantity;decimal;>,>>>,>>9.99;no;Cantidad Preparada;Cantidad Preparada;excluido;sales_order_line                                  ;prepared_quantity        
API;gvpclin;lines;crs_lpc;reserved_quantity;decimal;>,>>>,>>9.99;no;Cantidad Reservada;Introduzca la Cantidad Reservada;excluido;sales_order_line                                  ;reserved_quantity        
API;gvpclin;lines;cse_lpc;served_quantity;decimal;>,>>>,>>9.99;no;Cantidad Servida;Introduzca la Cantidad Servida;excluido;sales_order_line                                  ;served_quantity          
API;gvpclin;lines;ctl_lpc;product_code_corporative;character;x(20);no;Código Telematel;Introduzca el Código Telematel;opcional;sales_order_line                                  ;product_code_corporative 
API;gvpclin;lines;cuea_lpc;packing_unit_quantity;decimal;>>>,>>9.99;no;Cantidad Unidad Embalaje;Introduzca Cantidad de Unidad de Embalaje.;opcional;sales_order_line                                  ;purchase_packing_unit_qua
API;gvpclin;lines;cuea_lpp;purchase_packing_unit_quantity;decimal;>>>,>>9.99;no;Cantidad Unidad Emb Compra;Cantidad Unidad Embalaje de la Compra del Artículo;excluido;sales_order_line                                  ;packing_unit_quantity    
API;gvpclin;lines;cvi_lpc;linked_quantity;decimal;>,>>>,>>9.99;no;Cantidad Vinculada;Introduzca la Cantidad Vinculada con Compras;excluido;sales_order_line                                  ;linked_quantity          
API;gvpclin;lines;dell_lpc;description_long;character;X(800);no;Descripción Ampliada;Descripción Ampliada;excluido;sales_order_line                                  ;description_long         
API;gvpclin;lines;del_des;destination_branch_id;character;x(2);no;Delegación Destino;Delegación que Servirá el Pedido;excluido;sales_order_line                                  ;destination_branch_id    
API;gvpclin;lines;det_lpc;description;character;x(800);no;Descripción;Introduzca la Descripción;opcional;sales_order_line                                  ;description              
API;gvpclin;lines;dt1_lpc;discount_1;decimal;->9.99;no;Descuento Primero;Introduzca los Dtos. de Venta para este Artículo;opcional;sales_order_line                                  ;discount_1               
API;gvpclin;lines;dt1_lpp;purchase_discount_1;decimal;->9.99;no;Descuento Primero Compra;Dto. 1 de la Compra del Artículo;excluido;sales_order_line                                  ;purchase_discount_1      
API;gvpclin;lines;dt2_lpc;discount_2;decimal;->9.99;no;Descuento Segundo;Introduzca los Dtos. de Venta para este Artículo;opcional;sales_order_line                                  ;discount_2               
API;gvpclin;lines;dt2_lpp;purchase_discount_2;decimal;->9.99;no;Descuento Segundo Compra;Dto.2 de la Compra del Artículo;excluido;sales_order_line                                  ;purchase_discount_2      
API;gvpclin;lines;dt3_lpc;discount_3;decimal;->9.99;no;Descuento Tercero;Introduzca los Dtos. de Venta para este Artículo;opcional;sales_order_line                                  ;discount_3               
API;gvpclin;lines;dt3_lpp;purchase_discount_3;decimal;->9.99;no;Descuento Tercero Compra;Dto 3 de la Compra del Artículo;excluido;sales_order_line                                  ;purchase_discount_3      
API;gvpclin;lines;fec_lpc;delivery_date;date;99/99/9999;no;Fecha Prevista Entrega;Introduzca Fecha Prevista de Entrega;opcional;sales_order_line                                  ;delivery_date            
API;gvpclin;lines;fei_lpc;initial_delivery_date;date;99/99/9999;no;Fecha Inicial Entrega;Fecha Inicial de Entrega;excluido;sales_order_line                                  ;initial_delivery_date    
API;gvpclin;lines;imp_lpc;amount;decimal;>>>,>>>,>>9.99;no;Importe;Intoduzca Importe;excluido;sales_order_line                                  ;amount                   
API;gvpclin;lines;itas_lpc;tax_amount;decimal;->,>>>,>>9.999;no;Importe Tasa;Importe Tasa;opcional;sales_order_line                                  ;tax_amount               
API;gvpclin;lines;lin_lofe;sale_offer_line_number;integer;9999999;no;Línea Oferta;Introduzca Línea de la oferta;excluido;sales_order_line                                  ;sales_offer_line_number  
API;gvpclin;lines;lin_lpc;line_number;integer;9999;no;Línea Pedido;Introduzca el Numero de la Linea del Pedido;opcional;sales_order_line                                  ;line_number              
API;gvpclin;lines;ord_lpc;line_order;integer;9999999;no;Orden;Introduzca el Numero de orden de la Línea de Oferta;excluido;sales_order_line                                  ;line_order               
API;gvpclin;lines;pes_lpc;weight;decimal;>,>>>,>>>,>>>,>>>,>>9.99;no;Peso;Peso;excluido;sales_order_line                                  ;weight                   
API;gvpclin;lines;pre_lpc;price;decimal;>,>>>,>>9.999;no;Precio Venta;Introduzca el Precio de Venta Unitario en Pts;opcional;sales_order_line                                  ;price                    
API;gvpclin;lines;pre_lpp;purchase_price;decimal;>,>>>,>>9.999;no;Precio Compra;Precio de Compra del Artículo;excluido;sales_order_line                                  ;purchase_price           
API;gvpclin;lines;pri_lpc;priority;integer;9;no;Prioridad;Prioridad;excluido;sales_order_line                                  ;priority                 
API;gvpclin;lines;pro_amb;vendor_ambit;integer;999;no;Ambito Proveedor;Ámbito del Proveedor al que se Comprará el Artículo;excluido;sales_order_line                                  ;vendor_ambit             
API;gvpclin;lines;rap_lpc;rappel;decimal;->9.99;no;Rappel;;excluido;sales_order_line                                  ;rappel                   
API;gvpclin;lines;rav_lpc;account_in_settlement;logical;Si/No;no;Considerar en la Liquidación;Considerar Linea en la Liquidación de Rappel;excluido;sales_order_line                                  ;account_in_settlement    
API;gvpclin;lines;ref_lpc;product_reference;character;X(24);no;Referencia Artículo;Introduzca la Referencia del Fabricante;obligatorio;sales_order_line                                  ;product_reference        
API;gvpclin;lines;tas_lpc;has_tax;logical;S/N;no;Tasa;Tasa de Reciclaje;opcional;sales_order_line                                  ;has_tax                  
API;gvpclin;lines;tipr_lpc;has_rappel;logical;Operación/Liquidación;no;Tipo rappel;;excluido;sales_order_line                                  ;has_rappel               
API;gvpclin;lines;tlin_lpc;line_type;character;X(1);no;Tipo de Línea;Introduzca Tipo de Linea: Articulo o Texto;opcional;sales_order_line                                  ;line_type                
API;gvpclin;lines;ubi_art;location_id;character;xxx-xxx-xxx-x;no;Código Ubicación;Ubicación de Agnación del Pedido;excluido;sales_order_line                                  ;location_id              
API;gvpclin;lines;vol_lpc;volume;decimal;>,>>>,>>>,>>>,>>>,>>9.999;no;Volumen;Volumen;excluido;sales_order_line                                  ;volume                   